Workbook
Name PowderIDs: 'Boulder Sample Log'!$R$5:$R$204
Name SampleIDs: 'Boulder Sample Log'!$E$5:$E$204

Sheet Dashboard
B2: SBMM OU1 — XRF Field Campaign Dashboard
B3: Tasks 2.1.6 & 2.1.7 — Surface XRF + Boulder Crushing + Depth/Heterogeneity + Powder | Status: COMPLETE
B5: TOTAL BOULDERS | D5: XRF READINGS | F5: POWDER SAMPLES | H5: VERIFICATION PASS
B6: =COUNTA('Boulder Sample Log'!A5:A204) -> 146 | D6: =SUM('Boulder Sample Log'!P5:P204) -> 1768 | F6: =COUNTIF('Lab Samples'!G$5:G$48,"Powder")&" / 21" -> 21 / 21 | H6: =IFERROR(COUNTIF('Daily Verification'!K6:K100,"Pass")/(COUNTIF('Daily Verification'!K6:K100,"Pass")+COUNTIF('Daily Verification'!K6:K100,"Fail")),0) -> 1
B10: Boulders & XRF by Area
B11: Area | C11: Boulders | D11: XRF Rdgs | E11: Powders | F11: Avg Hg (ppm) | G11: Avg As (ppm) | H11: Avg Sb (ppm) | I11: Avg Sb (ppm)
B12: SWRP | C12: =COUNTIF('Boulder Sample Log'!B$5:B$204,B12) -> 23 | D12: =SUMIF('Boulder Sample Log'!B$5:B$204,B12,'Boulder Sample Log'!P$5:P$204) -> 348 | E12: =COUNTIFS('Lab Samples'!C$5:C$48,B12,'Lab Samples'!G$5:G$48,"Powder") -> 8 | F12: =IFERROR(AVERAGEIFS('Boulder Sample Log'!Q$5:Q$204,'Boulder Sample Log'!B$5:B$204,B12,'Boulder Sample Log'!Q$5:Q$204,">0"),"-") -> 18.418333 | G12: =IFERROR(AVERAGEIFS('Boulder Sample Log'!R$5:R$204,'Boulder Sample Log'!B$5:B$204,B12,'Boulder Sample Log'!R$5:R$204,">0"),"-") -> 9.4075 | H12: =IFERROR(AVERAGEIFS('Boulder Sample Log'!Y$5:Y$204,'Boulder Sample Log'!B$5:B$204,B12,'Boulder Sample Log'!Y$5:Y$204,">0"),"-") -> 19.9
B13: NWRP | C13: =COUNTIF('Boulder Sample Log'!B$5:B$204,B13) -> 24 | D13: =SUMIF('Boulder Sample Log'!B$5:B$204,B13,'Boulder Sample Log'!P$5:P$204) -> 258 | E13: =COUNTIFS('Lab Samples'!C$5:C$48,B13,'Lab Samples'!G$5:G$48,"Powder") -> 1 | F13: =IFERROR(AVERAGEIFS('Boulder Sample Log'!Q$5:Q$204,'Boulder Sample Log'!B$5:B$204,B13,'Boulder Sample Log'!Q$5:Q$204,">0"),"-") -> 14.114783 | G13: =IFERROR(AVERAGEIFS('Boulder Sample Log'!R$5:R$204,'Boulder Sample Log'!B$5:B$204,B13,'Boulder Sample Log'!R$5:R$204,">0"),"-") -> 10.254783 | H13: =IFERROR(AVERAGEIFS('Boulder Sample Log'!Y$5:Y$204,'Boulder Sample Log'!B$5:B$204,B13,'Boulder Sample Log'!Y$5:Y$204,">0"),"-") -> 15.504286
B14: NWWRP | C14: =COUNTIF('Boulder Sample Log'!B$5:B$204,B14) -> 15 | D14: =SUMIF('Boulder Sample Log'!B$5:B$204,B14,'Boulder Sample Log'!P$5:P$204) -> 162 | E14: =COUNTIFS('Lab Samples'!C$5:C$48,B14,'Lab Samples'!G$5:G$48,"Powder") -> 1 | F14: =IFERROR(AVERAGEIFS('Boulder Sample Log'!Q$5:Q$204,'Boulder Sample Log'!B$5:B$204,B14,'Boulder Sample Log'!Q$5:Q$204,">0"),"-") -> 11.780667 | G14: =IFERROR(AVERAGEIFS('Boulder Sample Log'!R$5:R$204,'Boulder Sample Log'!B$5:B$204,B14,'Boulder Sample Log'!R$5:R$204,">0"),"-") -> 1.6433333 | H14: =IFERROR(AVERAGEIFS('Boulder Sample Log'!Y$5:Y$204,'Boulder Sample Log'!B$5:B$204,B14,'Boulder Sample Log'!Y$5:Y$204,">0"),"-") -> 0.53
B15: NWP | C15: =COUNTIF('Boulder Sample Log'!B$5:B$204,B15) -> 17 | D15: =SUMIF('Boulder Sample Log'!B$5:B$204,B15,'Boulder Sample Log'!P$5:P$204) -> 208 | E15: =COUNTIFS('Lab Samples'!C$5:C$48,B15,'Lab Samples'!G$5:G$48,"Powder") -> 4 | F15: =IFERROR(AVERAGEIFS('Boulder Sample Log'!Q$5:Q$204,'Boulder Sample Log'!B$5:B$204,B15,'Boulder Sample Log'!Q$5:Q$204,">0"),"-") -> 43.485882 | G15: =IFERROR(AVERAGEIFS('Boulder Sample Log'!R$5:R$204,'Boulder Sample Log'!B$5:B$204,B15,'Boulder Sample Log'!R$5:R$204,">0"),"-") -> 4.5607692 | H15: =IFERROR(AVERAGEIFS('Boulder Sample Log'!Y$5:Y$204,'Boulder Sample Log'!B$5:B$204,B15,'Boulder Sample Log'!Y$5:Y$204,">0"),"-") -> 2.78
B16: WRD | C16: =COUNTIF('Boulder Sample Log'!B$5:B$204,B16) -> 29 | D16: =SUMIF('Boulder Sample Log'!B$5:B$204,B16,'Boulder Sample Log'!P$5:P$204) -> 316 | E16: =COUNTIFS('Lab Samples'!C$5:C$48,B16,'Lab Samples'!G$5:G$48,"Powder") -> 2 | F16: =IFERROR(AVERAGEIFS('Boulder Sample Log'!Q$5:Q$204,'Boulder Sample Log'!B$5:B$204,B16,'Boulder Sample Log'!Q$5:Q$204,">0"),"-") -> 18.962692 | G16: =IFERROR(AVERAGEIFS('Boulder Sample Log'!R$5:R$204,'Boulder Sample Log'!B$5:B$204,B16,'Boulder Sample Log'!R$5:R$204,">0"),"-") -> 25.791333 | H16: =IFERROR(AVERAGEIFS('Boulder Sample Log'!Y$5:Y$204,'Boulder Sample Log'!B$5:B$204,B16,'Boulder Sample Log'!Y$5:Y$204,">0"),"-") -> 48.263333
B17: WWRP | C17: =COUNTIF('Boulder Sample Log'!B$5:B$204,B17) -> 15 | D17: =SUMIF('Boulder Sample Log'!B$5:B$204,B17,'Boulder Sample Log'!P$5:P$204) -> 214 | E17: =COUNTIFS('Lab Samples'!C$5:C$48,B17,'Lab Samples'!G$5:G$48,"Powder") -> 2 | F17: =IFERROR(AVERAGEIFS('Boulder Sample Log'!Q$5:Q$204,'Boulder Sample Log'!B$5:B$204,B17,'Boulder Sample Log'!Q$5:Q$204,">0"),"-") -> 262.43667 | G17: =IFERROR(AVERAGEIFS('Boulder Sample Log'!R$5:R$204,'Boulder Sample Log'!B$5:B$204,B17,'Boulder Sample Log'!R$5:R$204,">0"),"-") -> 43.215 | H17: =IFERROR(AVERAGEIFS('Boulder Sample Log'!Y$5:Y$204,'Boulder Sample Log'!B$5:B$204,B17,'Boulder Sample Log'!Y$5:Y$204,">0"),"-") -> 3.6966667
B18: DRA | C18: =COUNTIF('Boulder Sample Log'!B$5:B$204,B18) -> 23 | D18: =SUMIF('Boulder Sample Log'!B$5:B$204,B18,'Boulder Sample Log'!P$5:P$204) -> 262 | E18: =COUNTIFS('Lab Samples'!C$5:C$48,B18,'Lab Samples'!G$5:G$48,"Powder") -> 3 | F18: =IFERROR(AVERAGEIFS('Boulder Sample Log'!Q$5:Q$204,'Boulder Sample Log'!B$5:B$204,B18,'Boulder Sample Log'!Q$5:Q$204,">0"),"-") -> 31.185263 | G18: =IFERROR(AVERAGEIFS('Boulder Sample Log'!R$5:R$204,'Boulder Sample Log'!B$5:B$204,B18,'Boulder Sample Log'!R$5:R$204,">0"),"-") -> 17.4075 | H18: =IFERROR(AVERAGEIFS('Boulder Sample Log'!Y$5:Y$204,'Boulder Sample Log'!B$5:B$204,B18,'Boulder Sample Log'!Y$5:Y$204,">0"),"-") -> 73.355
B19: Site-wide AVG | C19: =SUM(C12:C18) -> 146 | D19: =SUM(D12:D18) -> 1768 | E19: =SUM(E12:E18) -> 21 | F19: =IFERROR(AVERAGEIFS('Boulder Sample Log'!Q$5:Q$204,'Boulder Sample Log'!Q$5:Q$204,">0"),"-") -> 49.580752 | G19: =IFERROR(AVERAGEIFS('Boulder Sample Log'!R$5:R$204,'Boulder Sample Log'!R$5:R$204,">0"),"-") -> 15.647864 | H19: =IFERROR(AVERAGEIFS('Boulder Sample Log'!Y$5:Y$204,'Boulder Sample Log'!Y$5:Y$204,">0"),"-") -> 26.668387
B22: Depth XRF (Heterogeneity) Profile | F22: Powder XRF Summary
B23: Boulders Profiled | C23: =COUNTIF('Boulder Selection Log'!P5:P50,"Complete") -> 26 | F23: Parent Powders | G23: =COUNTIF('Lab Samples'!G$5:G$48,"Powder") -> 21 | H23: of | I23: 21
B24: Total Depth Readings | C24: =COUNTA('Depth XRF Detail'!A5:A1000) -> 478 | F24: Field Duplicates | G24: =COUNTIF('Lab Samples'!G$5:G$48,"FD") -> 10 | H24: of | I24: 10
B25: WRD Shoreline Boulders | C25: =COUNTIF('Boulder Selection Log'!D5:D50,"Shoreline") -> 21 | F25: MS/MSD Pairs | G25: 6 | H25: of | I25: 7
B26: Primary 14 (depth) | C26: =COUNTIFS('Boulder Selection Log'!D5:D50,1,'Boulder Selection Log'!P5:P50,"Complete")+COUNTIFS('Boulder Selection Log'!D5:D50,2,'Boulder Selection Log'!P5:P50,"Complete") -> 4 | F26: Equipment Blanks | G26: =COUNTIF('Lab Samples'!G$5:G$48,"EB") -> 3 | H26: of | I26: 3
B28: Daily Verification (IARM 35NN) | F28: Notable Findings
B29: Total Verifications | C29: =COUNTIF('Daily Verification'!K6:K100,"Pass")+COUNTIF('Daily Verification'!K6:K100,"Fail") -> 64 | F29: • | G29: Highest avg Hg: WWRP area (262.4 ppm)
B30: Passes | C30: =COUNTIF('Daily Verification'!K6:K100,"Pass") -> 64 | F30: • | G30: Highest avg Sb: DRA area (73.4 ppm)
B31: Failures | C31: =COUNTIF('Daily Verification'!K6:K100,"Fail") -> 0 | F31: • | G31: Highest avg As: WWRP area (43.2 ppm)
B32: Pass Rate | C32: =IFERROR(C30/C29,0) -> 1 | F32: • | G32: Hottest single boulder: WWRP-G02-B2 (Hg max 23,796 ppm)
B34: Campaign Milestones
B35: Event | D35: Date(s) | F35: Notes
B36: Surface XRF Campaign Start | D36: 4/2/2026 | F36: SWRP first day
B37: Surface XRF Complete | D37: 5/1/2026 | F37: NWWRP G11/G12/G13 + NWP G13 wrapped surface
B38: Depth XRF Start | D38: 5/4/2026 | F38: NWP-G13 proof-of-concept profile
B39: ERRG Crushing Start | D39: 5/4/2026 | F39: NWP-G13 cut as test
B40: ERRG Crushing Complete | D40: 5/7/2026 | F40: 14/14 primary cracked (NWP-G12 swapped in for WWRP-G15)
B41: WRD Shoreline Depth XRF | D41: 5/7 – 5/8/2026 | F41: 21 shoreline boulders profiled (off primary 14)
B42: Final Powder Collection | D42: 5/8/2026 | F42: DRA-G01, DRA-G10, SWRP-G08 (Mo)
B43: Powder XRF Complete | D43: 5/8/2026 | F43: All 14 primary parents — X500456 Mining mode
B44: Campaign End | D44: 5/8/2026 | F44: Day 24 — XRF data collection complete
B46: Tracker generated by Jacobs SBMM team — see Sample Tracker for full detail

Sheet Boulder Sample Log
A1: SBMM OU1 — XRF Boulder Sample Tracker
A2: Tasks 2.1.6 & 2.1.7 — Surface XRF & Powder Collection | Updated Daily | MASTER SHEET — other tabs auto-populate from here
A3: ID | B3: Location | F3: GPS | I3: Boulder Info | L3: XRF Data | S3: Powder / Lab | V3: Documentation
A4: Date | B4: Area Code | C4: Grid # | D4: Boulder # | E4: Sample ID | F4: Northing | G4: Easting | H4: Elev (ft) | I4: Type (H/F) | J4: Rind? (Y/N) | K4: Rind Thick (in) | L4: Surface Rdg # Start | M4: Surface Rdg # End | N4: Powder Rdg # Start | O4: Powder Rdg # End | P4: # of Rdgs | Q4: Avg Hg (ppm) | R4: Avg As (ppm) | S4: Powder (Y/N) | T4: Powder Sample ID | U4: Lab Sample # | V4: NCD Filename | W4: Photo Count | X4: Notes | Y4: Avg Sb (ppm)
A5: 46114 | B5: SWRP | C5: 12 | D5: B1 | E5: =IF(B5="","","SBM-"&B5&"-G"&TEXT(C5,"00")&"-"&D5) -> SBM-SWRP-G12-B1 | F5: 4317025 | G5: 529256.2 | H5: 406.7 | I5: H | J5: Y | L5: 2 | M5: 16 | N5: 17 | O5: 19 | P5: =IF(L5="","",(M5-L5+1)+IF(N5="",0,O5-N5+1)) -> 18 | Q5: 13.74 | R5: 0 | S5: Y | T5: SBM-SWRP-G12-HB-PR | V5: SBM-SWRP-G12.ncd | W5: 0 | X5: Hard andesite; MS+MSD collected | Y5: 3.72
A6: 46114 | B6: SWRP | C6: 12 | D6: B2 | E6: =IF(B6="","","SBM-"&B6&"-G"&TEXT(C6,"00")&"-"&D6) -> SBM-SWRP-G12-B2 | F6: 4317020.5 | G6: 529267.1 | H6: 411.7 | I6: F | J6: Y | L6: 20 | M6: 34 | N6: 35 | O6: 37 | P6: =IF(L6="","",(M6-L6+1)+IF(N6="",0,O6-N6+1)) -> 18 | Q6: 75.85 | R6: 0 | S6: Y | T6: SBM-SWRP-G12-FB-PR | V6: SBM-SWRP-G12.ncd | W6: 0 | X6: Friable; Hg hot spot Spot 3 (164-178 ppm) | Y6: 0
A7: 46115 | B7: SWRP | C7: 14 | D7: B1 | E7: =IF(B7="","","SBM-"&B7&"-G"&TEXT(C7,"00")&"-"&D7) -> SBM-SWRP-G14-B1 | F7: 4317010.5 | G7: 529230.8 | H7: 406.7 | I7: H | J7: Y | L7: 48 | M7: 62 | N7: 78 | O7: 80 | P7: =IF(L7="","",(M7-L7+1)+IF(N7="",0,O7-N7+1)) -> 18 | Q7: 5.33 | R7: 0 | S7: Y | T7: SBM-SWRP-G14-HB-PR | V7: SBM-SWRP-G14 & G15.ncd | W7: 0 | X7: Hard; MS+MSD collected | Y7: 0
A8: 46115 | B8: SWRP | C8: 14 | D8: B2 | E8: =IF(B8="","","SBM-"&B8&"-G"&TEXT(C8,"00")&"-"&D8) -> SBM-SWRP-G14-B2 | F8: 4316986.5 | G8: 529226.8 | H8: 433.5 | I8: F | L8: 63 | M8: 77 | N8: 81 | O8: 83 | P8: =IF(L8="","",(M8-L8+1)+IF(N8="",0,O8-N8+1)) -> 18 | Q8: 8.13 | R8: 2.59 | S8: Y | T8: SBM-SWRP-G14-FB-PR | V8: SBM-SWRP-G14 & G15.ncd | W8: 0 | X8: Friable; only boulder w/ As detection | Y8: 0
A9: 46115 | B9: SWRP | C9: 15 | D9: B1 | E9: =IF(B9="","","SBM-"&B9&"-G"&TEXT(C9,"00")&"-"&D9) -> SBM-SWRP-G15-B1 | F9: 4316974 | G9: 529294.5 | H9: 447.3 | I9: H | L9: 84 | M9: 100 | N9: 116 | O9: 118 | P9: =IF(L9="","",(M9-L9+1)+IF(N9="",0,O9-N9+1)) -> 20 | Q9: 3.44 | R9: 0 | S9: Y | T9: SBM-SWRP-G15-HB-PR | V9: SBM-SWRP-G14 & G15.ncd | W9: 0 | X9: Hard; aborted rdg 86-87 (excluded) | Y9: 13.08
A10: 46115 | B10: SWRP | C10: 15 | D10: B2 | E10: =IF(B10="","","SBM-"&B10&"-G"&TEXT(C10,"00")&"-"&D10) -> SBM-SWRP-G15-B2 | F10: 4316994.5 | G10: 529256.2 | H10: 437.5 | I10: F | J10: Y | L10: 101 | M10: 115 | N10: 119 | O10: 121 | P10: =IF(L10="","",(M10-L10+1)+IF(N10="",0,O10-N10+1)) -> 18 | Q10: 26.55 | R10: 0 | S10: Y | T10: SBM-SWRP-G15-FB-PR | V10: SBM-SWRP-G14 & G15.ncd | W10: 0 | X10: Friable; Hg hot spot Spot 4 (~80 ppm); FD collected | Y10: 93.09
A11: 46118 | B11: SWRP | C11: 13 | D11: B1 | E11: =IF(B11="","","SBM-"&B11&"-G"&TEXT(C11,"00")&"-"&D11) -> SBM-SWRP-G13-B1 | F11: 4317074.5 | G11: 529375.5 | H11: 417.5 | I11: H | J11: Y | K11: 0.01 | L11: 128 | M11: 142 | P11: =IF(L11="","",(M11-L11+1)+IF(N11="",0,O11-N11+1)) -> 15 | Q11: 0 | R11: 0 | S11: N | V11: SBM-SWRP-G10-G13+WWRP-G07_20260406.ncd | W11: 0 | X11: Hard; Hg+As all <LOD | Y11: 0
A12: 46118 | B12: SWRP | C12: 13 | D12: B2 | E12: =IF(B12="","","SBM-"&B12&"-G"&TEXT(C12,"00")&"-"&D12) -> SBM-SWRP-G13-B2 | F12: 4317074.5 | G12: 529380 | H12: 424.9 | I12: F | J12: Y | K12: 0.01 | L12: 143 | M12: 159 | P12: =IF(L12="","",(M12-L12+1)+IF(N12="",0,O12-N12+1)) -> 17 | Q12: 0 | R12: 25 | S12: N | V12: SBM-SWRP-G10-G13+WWRP-G07_20260406.ncd | W12: 0 | X12: Friable; Rdg 157 dup + 158 abort excluded; As avg 25 | Y12: 0
A13: 46118 | B13: WWRP | C13: 7 | D13: B1 | E13: =IF(B13="","","SBM-"&B13&"-G"&TEXT(C13,"00")&"-"&D13) -> SBM-WWRP-G07-B1 | F13: 4316997.5 | G13: 528719.4 | H13: 408.7 | I13: H | J13: Y | K13: 0.01 | L13: 160 | M13: 174 | P13: =IF(L13="","",(M13-L13+1)+IF(N13="",0,O13-N13+1)) -> 15 | Q13: 14.98 | R13: 353.99 | S13: N | V13: SBM-SWRP-G10-G13+WWRP-G07_20260406.ncd | W13: 0 | X13: Hard; HIGH As avg 354 ppm | Y13: 0
A14: 46118 | B14: WWRP | C14: 7 | D14: B2 | E14: =IF(B14="","","SBM-"&B14&"-G"&TEXT(C14,"00")&"-"&D14) -> SBM-WWRP-G07-B2 | I14: F | J14: Y | K14: 0.01 | L14: 175 | M14: 189 | P14: =IF(L14="","",(M14-L14+1)+IF(N14="",0,O14-N14+1)) -> 15 | Q14: 6.36 | R14: 0 | S14: N | V14: SBM-SWRP-G10-G13+WWRP-G07_20260406.ncd | W14: 0 | X14: Friable; As <LOD; no GPS from XRF | Y14: 1.25
A15: 46118 | B15: SWRP | C15: 10 | D15: B1 | E15: =IF(B15="","","SBM-"&B15&"-G"&TEXT(C15,"00")&"-"&D15) -> SBM-SWRP-G10-B1 | F15: 4317039 | G15: 529081.6 | H15: 401.6 | I15: H | J15: Y | K15: 0.01 | L15: 190 | M15: 205 | P15: =IF(L15="","",(M15-L15+1)+IF(N15="",0,O15-N15+1)) -> 16 | Q15: 14.58 | R15: 5.76 | S15: N | V15: SBM-SWRP-G10-G13+WWRP-G07_20260406.ncd | W15: 0 | X15: Hard only; Rdg 192 trigger mishap excluded; Rdg 205 listed as P on form | Y15: 0
A16: 46119 | B16: SWRP | C16: 10 | D16: B2 | E16: =IF(B16="","","SBM-"&B16&"-G"&TEXT(C16,"00")&"-"&D16) -> SBM-SWRP-G10-B2 | F16: 4317046.5 | G16: 529077.2 | H16: 408.1 | I16: F | J16: N | L16: 219 | M16: 233 | P16: =IF(L16="","",(M16-L16+1)+IF(N16="",0,O16-N16+1)) -> 15 | Q16: 0 | R16: 8.1 | S16: N | V16: SBM-SWRP-G04-G10-G11_20260407.ncd | W16: 0 | X16: Friable andesite | Y16: 4.05
A17: 46119 | B17: SWRP | C17: 11 | D17: B2 | E17: =IF(B17="","","SBM-"&B17&"-G"&TEXT(C17,"00")&"-"&D17) -> SBM-SWRP-G11-B2 | F17: 4317065.5 | G17: 529177 | H17: 428.3 | I17: F | J17: N | L17: 234 | M17: 249 | P17: =IF(L17="","",(M17-L17+1)+IF(N17="",0,O17-N17+1)) -> 16 | Q17: 4.8 | R17: 19.9 | S17: N | V17: SBM-SWRP-G04-G10-G11_20260407.ncd | W17: 0 | X17: Friable; Rdg 246 kept (94.1s, near complete) | Y17: 2.16
A18: 46119 | B18: SWRP | C18: 11 | D18: B1 | E18: =IF(B18="","","SBM-"&B18&"-G"&TEXT(C18,"00")&"-"&D18) -> SBM-SWRP-G11-B1 | F18: 4317068 | G18: 529177.4 | H18: 426.4 | I18: H | J18: N | L18: 250 | M18: 265 | P18: =IF(L18="","",(M18-L18+1)+IF(N18="",0,O18-N18+1)) -> 16 | Q18: 3.7 | R18: 1.3 | S18: N | V18: SBM-SWRP-G04-G10-G11_20260407.ncd | W18: 0 | X18: Hard andesite; Rdg 262 trigger mishap removed | Y18: 0
A19: 46119 | B19: SWRP | C19: 4 | D19: B1 | E19: =IF(B19="","","SBM-"&B19&"-G"&TEXT(C19,"00")&"-"&D19) -> SBM-SWRP-G04-B1 | F19: 4317144 | G19: 529280.3 | H19: 417.7 | I19: H | J19: N | L19: 266 | M19: 280 | P19: =IF(L19="","",(M19-L19+1)+IF(N19="",0,O19-N19+1)) -> 15 | Q19: 1.3 | R19: 0 | S19: N | V19: SBM-SWRP-G04-G10-G11_20260407.ncd | W19: 0 | X19: Hard; GPS from Rdg 277 (266 missing GPS) | Y19: 0
A20: 46119 | B20: SWRP | C20: 4 | D20: B2 | E20: =IF(B20="","","SBM-"&B20&"-G"&TEXT(C20,"00")&"-"&D20) -> SBM-SWRP-G04-B2 | F20: 4316902.5 | G20: 529236.3 | H20: 204.3 | I20: F | J20: N | L20: 281 | M20: 296 | P20: =IF(L20="","",(M20-L20+1)+IF(N20="",0,O20-N20+1)) -> 16 | Q20: 0 | R20: 0 | S20: N | V20: SBM-SWRP-G04-G10-G11_20260407.ncd | W20: 0 | X20: Friable; Rdg 295 trigger mishap removed; XRF clock out of sync | Y20: 3.3
A21: 46120 | B21: WWRP | C21: 14 | D21: B1 | E21: =IF(B21="","","SBM-"&B21&"-G"&TEXT(C21,"00")&"-"&D21) -> SBM-WWRP-G14-B1 | F21: 4316902 | G21: 528663.69 | H21: 403.5 | I21: H | J21: Y | K21: 0.01 | L21: 308 | M21: 323 | P21: =IF(L21="","",(M21-L21+1)+IF(N21="",0,O21-N21+1)) -> 16 | Q21: 2.1 | R21: 0 | S21: N | V21: SBM-WWRP-G09-G13-G14-G15_20260408.ncd | W21: 0 | X21: Hard; Rdg 318 trigger mishap removed; only 1 boulder located in grid | Y21: 0
A22: 46120 | B22: WWRP | C22: 15 | D22: B2 | E22: =IF(B22="","","SBM-"&B22&"-G"&TEXT(C22,"00")&"-"&D22) -> SBM-WWRP-G15-B2 | F22: 4316848.5 | G22: 528692.44 | H22: 404.39999 | I22: F | J22: Y | K22: 0.01 | L22: 324 | M22: 338 | P22: =IF(L22="","",(M22-L22+1)+IF(N22="",0,O22-N22+1)) -> 15 | Q22: 74.2 | R22: 0.5 | S22: N | V22: SBM-WWRP-G09-G13-G14-G15_20260408.ncd | W22: 0 | X22: Friable; highest Hg avg in campaign | Y22: 0
A23: 46120 | B23: WWRP | C23: 15 | D23: B1 | E23: =IF(B23="","","SBM-"&B23&"-G"&TEXT(C23,"00")&"-"&D23) -> SBM-WWRP-G15-B1 | F23: 4316826.5 | G23: 528724.81 | H23: 425.29999 | I23: H | J23: Y | K23: 0.01 | L23: 339 | M23: 355 | P23: =IF(L23="","",(M23-L23+1)+IF(N23="",0,O23-N23+1)) -> 17 | Q23: 15.1 | R23: 5 | S23: N | V23: SBM-WWRP-G09-G13-G14-G15_20260408.ncd | W23: 0 | X23: Hard; Rdg 343 (1.8s) and 353 (60.1s) removed | Y23: 0
A24: 46120 | B24: WWRP | C24: 9 | D24: B1 | E24: =IF(B24="","","SBM-"&B24&"-G"&TEXT(C24,"00")&"-"&D24) -> SBM-WWRP-G09-B1 | F24: 4316892.5 | G24: 528582.44 | H24: 181.7 | I24: H | J24: Y | K24: 0.01 | L24: 356 | M24: 388 | P24: =IF(L24="","",(M24-L24+1)+IF(N24="",0,O24-N24+1)) -> 33 | Q24: 44.7 | R24: 9.6 | S24: N | V24: SBM-WWRP-G09-G13-G14-G15_20260408.ncd | W24: 0 | X24: Hard; rain break after Rdg 357, resumed at 374; Rdg 358 discarded, 384+385 trigger mishaps removed; only 1 boulder located | Y24: 0
A25: 46120 | B25: WWRP | C25: 13 | D25: B1 | E25: =IF(B25="","","SBM-"&B25&"-G"&TEXT(C25,"00")&"-"&D25) -> SBM-WWRP-G13-B1 | F25: 4316887 | G25: 528599.62 | H25: 405.20001 | I25: H | J25: Y | K25: 0.01 | L25: 359 | M25: 373 | P25: =IF(L25="","",(M25-L25+1)+IF(N25="",0,O25-N25+1)) -> 15 | Q25: 1.7 | R25: 1.1 | S25: N | V25: SBM-WWRP-G09-G13-G14-G15_20260408.ncd | W25: 0 | X25: Hard; sampled during G9 rain break; Nolen Brown assisted; only 1 boulder located | Y25: 0
A26: 46121 | B26: SWRP | C26: 7 | D26: B2 | E26: =IF(B26="","","SBM-"&B26&"-G"&TEXT(C26,"00")&"-"&D26) -> SBM-SWRP-G07-B2 | F26: 4317107.5 | G26: 529210.2 | H26: 410.8 | I26: F | J26: Y | K26: 0.01 | L26: 401 | M26: 415 | P26: =IF(L26="","",(M26-L26+1)+IF(N26="",0,O26-N26+1)) -> 15 | Q26: 32.7 | R26: 0.5 | S26: N | V26: SBM-SWRP-G01-G05-G07_20260409.ncd | W26: 0 | X26: 5x3 protocol; Spot 1 elevated Hg (72-154 ppm); radius 1.0 ft | Y26: 0
A27: 46121 | B27: SWRP | C27: 7 | D27: B1 | E27: =IF(B27="","","SBM-"&B27&"-G"&TEXT(C27,"00")&"-"&D27) -> SBM-SWRP-G07-B1 | F27: 4317100.5 | G27: 529218.2 | H27: 413.4 | I27: H | J27: Y | K27: 0.01 | L27: 416 | M27: 425 | P27: =IF(L27="","",(M27-L27+1)+IF(N27="",0,O27-N27+1)) -> 10 | Q27: 6.8 | R27: 1.8 | S27: N | V27: SBM-SWRP-G01-G05-G07_20260409.ncd | W27: 0 | X27: 5x2 protocol; radius 2.0 ft | Y27: 0
A28: 46121 | B28: SWRP | C28: 1 | D28: B1 | E28: =IF(B28="","","SBM-"&B28&"-G"&TEXT(C28,"00")&"-"&D28) -> SBM-SWRP-G01-B1 | F28: 4317164 | G28: 529321.4 | H28: 416.8 | I28: H | J28: Y | K28: 0.01 | L28: 426 | M28: 435 | P28: =IF(L28="","",(M28-L28+1)+IF(N28="",0,O28-N28+1)) -> 10 | Q28: 0 | R28: 0 | S28: N | V28: SBM-SWRP-G01-G05-G07_20260409.ncd | W28: 0 | X28: 5x2 protocol; all readings <LOD; radius 1.0 ft | Y28: 0
A29: 46121 | B29: SWRP | C29: 1 | D29: B2 | E29: =IF(B29="","","SBM-"&B29&"-G"&TEXT(C29,"00")&"-"&D29) -> SBM-SWRP-G01-B2 | F29: 4317170 | G29: 529319.4 | H29: 416.3 | I29: F | J29: Y | K29: 0.01 | L29: 436 | M29: 445 | P29: =IF(L29="","",(M29-L29+1)+IF(N29="",0,O29-N29+1)) -> 10 | Q29: 1.3 | R29: 0.2 | S29: N | V29: SBM-SWRP-G01-G05-G07_20260409.ncd | W29: 0 | X29: 5x2 protocol; radius 2.0 ft | Y29: 0
A30: 46121 | B30: SWRP | C30: 5 | D30: B1 | E30: =IF(B30="","","SBM-"&B30&"-G"&TEXT(C30,"00")&"-"&D30) -> SBM-SWRP-G05-B1 | F30: 4316908.5 | G30: 529188.7 | H30: 439.8 | I30: H | J30: Y | K30: 0.01 | L30: 446 | M30: 464 | P30: =IF(L30="","",(M30-L30+1)+IF(N30="",0,O30-N30+1)) -> 19 | Q30: 2.6 | R30: 14.9 | S30: N | V30: SBM-SWRP-G01-G05-G07_20260409.ncd | W30: 0 | X30: 5x3 protocol; Rdg 449 sulphur rock, 451+452 mishaps, 461 no contact; 1 boulder located; radius 2.0 ft | Y30: 0
A31: 46125 | B31: SWRP | C31: 9 | D31: B1 | E31: =IF(B31="","","SBM-"&B31&"-G"&TEXT(C31,"00")&"-"&D31) -> SBM-SWRP-G09-B1 | F31: 4317099 | G31: 529373.9 | H31: 1334.6 | I31: H | J31: Y | K31: 0.01 | L31: 498 | M31: 507 | P31: =IF(L31="","",(M31-L31+1)+IF(N31="",0,O31-N31+1)) -> 10 | Q31: 1.77 | R31: 0 | S31: N | V31: SBM-SWRP_G9_G2_G8+WWRP_G3_G6.ncd | W31: 0 | X31: 5x2 protocol; 1 boulder located; operator: Michelle Gill | Y31: 0
A32: 46125 | B32: SWRP | C32: 2 | D32: B1 | E32: =IF(B32="","","SBM-"&B32&"-G"&TEXT(C32,"00")&"-"&D32) -> SBM-SWRP-G02-B1 | F32: 4317201 | G32: 529379.4 | H32: 1303.8 | I32: H | J32: Y | K32: 0.01 | L32: 508 | M32: 521 | P32: =IF(L32="","",(M32-L32+1)+IF(N32="",0,O32-N32+1)) -> 14 | Q32: 0.73 | R32: 31.05 | S32: N | V32: SBM-SWRP_G9_G2_G8+WWRP_G3_G6.ncd | W32: 0 | X32: Mixed 5x2/5x3; Rdg 512+516+518 mishaps; 1 boulder located; operator: Michelle Gill | Y32: 0
... A44: 46126 | B44: WRD | C44: 15 | D44: B2 | E44: =IF(B44="","","SBM-"&B44&"-G"&TEXT(C44,"00")&"-"&D44) -> SBM-WRD-G15-B2 | F44: 4317101.5 | G44: 528804.2 | H44: 1344.8 | I44: F | J44: Y | K44: 0.01 | L44: 652 | M44: 664 | P44: =IF(L44="","",(M44-L44+1)+IF(N44="",0,O44-N44+1)) -> 13 | Q44: 2.8 | R44: 10.66 | S44: N | V44: SBM-WWRP-G4-G6-G2-G5_WRD-G15.ncd | W44: 0 | X44: Mixed; Rdg 655+662+665 discarded (mishaps); Rdg 664 Fe=0 flagged | Y44: 2.2
A45: 46127 | B45: WRD | C45: 14 | D45: B1 | E45: =IF(B45="","","SBM-"&B45&"-G"&TEXT(C45,"00")&"-"&D45) -> SBM-WRD-G14-B1 | F45: 4317208.5 | G45: 528727.94 | H45: 1287.4 | I45: H | J45: Y | K45: 0.01 | L45: 670 | M45: 679 | P45: =IF(L45="","",(M45-L45+1)+IF(N45="",0,O45-N45+1)) -> 10 | Q45: 73.08 | R45: 11.68 | S45: N | V45: SBM-WRD-G14-G13-G11-G10.ncd | W45: 0 | Y45: 0
A46: 46127 | B46: WRD | C46: 14 | D46: B2 | E46: =IF(B46="","","SBM-"&B46&"-G"&TEXT(C46,"00")&"-"&D46) -> SBM-WRD-G14-B2 | F46: 4317210.5 | G46: 528743.62 | H46: 1355.3 | I46: F | J46: Y | K46: 0.01 | L46: 680 | M46: 690 | P46: =IF(L46="","",(M46-L46+1)+IF(N46="",0,O46-N46+1)) -> 11 | Q46: 7.56 | R46: 0 | S46: N | V46: SBM-WRD-G14-G13-G11-G10.ncd | W46: 0 | Y46: 0
A47: 46127 | B47: WRD | C47: 13 | D47: B1 | E47: =IF(B47="","","SBM-"&B47&"-G"&TEXT(C47,"00")&"-"&D47) -> SBM-WRD-G13-B1 | F47: 4317254 | G47: 528740.44 | H47: 1358.9 | I47: H | J47: Y | K47: 0.01 | L47: 691 | M47: 700 | P47: =IF(L47="","",(M47-L47+1)+IF(N47="",0,O47-N47+1)) -> 10 | Q47: 0.27 | R47: 0 | S47: N | V47: SBM-WRD-G14-G13-G11-G10.ncd | W47: 0 | Y47: 0
A48: 46127 | B48: WRD | C48: 11 | D48: B1 | E48: =IF(B48="","","SBM-"&B48&"-G"&TEXT(C48,"00")&"-"&D48) -> SBM-WRD-G11-B1 | F48: 4317104 | G48: 528545 | H48: 1313.3 | I48: H | J48: Y | K48: 0.01 | L48: 701 | M48: 710 | P48: =IF(L48="","",(M48-L48+1)+IF(N48="",0,O48-N48+1)) -> 10 | Q48: 1.14 | R48: 0 | S48: N | V48: SBM-WRD-G14-G13-G11-G10.ncd | W48: 0 | Y48: 0
A49: 46127 | B49: WRD | C49: 11 | D49: B2 | E49: =IF(B49="","","SBM-"&B49&"-G"&TEXT(C49,"00")&"-"&D49) -> SBM-WRD-G11-B2 | F49: 4317108 | G49: 528542.81 | H49: 1304.5 | I49: H | J49: Y | K49: 0.01 | L49: 711 | M49: 720 | P49: =IF(L49="","",(M49-L49+1)+IF(N49="",0,O49-N49+1)) -> 10 | Q49: 0.8 | R49: 0 | S49: N | V49: SBM-WRD-G14-G13-G11-G10.ncd | W49: 0 | Y49: 0
A50: 46127 | B50: WRD | C50: 10 | D50: B1 | E50: =IF(B50="","","SBM-"&B50&"-G"&TEXT(C50,"00")&"-"&D50) -> SBM-WRD-G10-B1 | F50: 4317137.5 | G50: 528546.06 | H50: 1326.1 | I50: H | J50: Y | K50: 0.01 | L50: 721 | M50: 731 | P50: =IF(L50="","",(M50-L50+1)+IF(N50="",0,O50-N50+1)) -> 11 | Q50: 0.3 | R50: 0 | S50: N | V50: SBM-WRD-G14-G13-G11-G10.ncd | W50: 0 | X50: Rdg 730 discarded (Fe<LOD) | Y50: 0
A51: 46128 | B51: WRD | C51: 10 | D51: B2 | E51: =IF(B51="","","SBM-"&B51&"-G"&TEXT(C51,"00")&"-"&D51) -> SBM-WRD-G10-B2 | F51: 4317155.5 | G51: 528542.94 | H51: 1293.3 | I51: H | J51: Y | K51: 0.01 | L51: 740 | M51: 751 | P51: =IF(L51="","",(M51-L51+1)+IF(N51="",0,O51-N51+1)) -> 12 | Q51: 1.31 | R51: 0 | S51: N | V51: SBM-WRD-G6-G7-G8-G9-G10-G12.ncd | W51: 0 | X51: Rdg 748 trigger (33s); Rdg 746 discarded (Fe<LOD) | Y51: 0
A52: 46128 | B52: WRD | C52: 12 | D52: B1 | E52: =IF(B52="","","SBM-"&B52&"-G"&TEXT(C52,"00")&"-"&D52) -> SBM-WRD-G12-B1 | F52: 4317089 | G52: 528543.94 | H52: 1289.4 | I52: H | J52: Y | K52: 0.01 | L52: 752 | M52: 761 | P52: =IF(L52="","",(M52-L52+1)+IF(N52="",0,O52-N52+1)) -> 10 | Q52: 0 | R52: 0 | S52: N | V52: SBM-WRD-G6-G7-G8-G9-G10-G12.ncd | W52: 0 | Y52: 5.84
A53: 46128 | B53: WRD | C53: 12 | D53: B2 | E53: =IF(B53="","","SBM-"&B53&"-G"&TEXT(C53,"00")&"-"&D53) -> SBM-WRD-G12-B2 | F53: 4317087 | G53: 528552 | H53: 1323.2 | I53: H | J53: Y | K53: 0.01 | L53: 762 | M53: 771 | P53: =IF(L53="","",(M53-L53+1)+IF(N53="",0,O53-N53+1)) -> 10 | Q53: 0.32 | R53: 0 | S53: N | V53: SBM-WRD-G6-G7-G8-G9-G10-G12.ncd | W53: 0 | Y53: 3.42
A54: 46128 | B54: WRD | C54: 9 | D54: B2 | E54: =IF(B54="","","SBM-"&B54&"-G"&TEXT(C54,"00")&"-"&D54) -> SBM-WRD-G09-B2 | F54: 4317165.5 | G54: 528519.12 | H54: 1327.1 | I54: F | J54: Y | K54: 0.01 | L54: 772 | M54: 781 | P54: =IF(L54="","",(M54-L54+1)+IF(N54="",0,O54-N54+1)) -> 10 | Q54: 2.32 | R54: 10.49 | S54: N | V54: SBM-WRD-G6-G7-G8-G9-G10-G12.ncd | W54: 0 | X54: Rdg 777 Fe<LOD flagged | Y54: 0
A55: 46128 | B55: WRD | C55: 9 | D55: B1 | E55: =IF(B55="","","SBM-"&B55&"-G"&TEXT(C55,"00")&"-"&D55) -> SBM-WRD-G09-B1 | F55: 4317165.5 | G55: 528515.5 | H55: 1331.7 | I55: H | J55: Y | K55: 0.01 | L55: 782 | M55: 791 | P55: =IF(L55="","",(M55-L55+1)+IF(N55="",0,O55-N55+1)) -> 10 | Q55: 0 | R55: 0 | S55: N | V55: SBM-WRD-G6-G7-G8-G9-G10-G12.ncd | W55: 0 | Y55: 0
A56: 46128 | B56: WRD | C56: 8 | D56: B2 | E56: =IF(B56="","","SBM-"&B56&"-G"&TEXT(C56,"00")&"-"&D56) -> SBM-WRD-G08-B2 | F56: 4317200.5 | G56: 528512.62 | H56: 1317.6 | I56: F | J56: Y | K56: 0.01 | L56: 792 | M56: 803 | P56: =IF(L56="","",(M56-L56+1)+IF(N56="",0,O56-N56+1)) -> 12 | Q56: 42.79 | R56: 33.88 | S56: N | V56: SBM-WRD-G6-G7-G8-G9-G10-G12.ncd | W56: 0 | Y56: 0
A57: 46128 | B57: WRD | C57: 8 | D57: B1 | E57: =IF(B57="","","SBM-"&B57&"-G"&TEXT(C57,"00")&"-"&D57) -> SBM-WRD-G08-B1 | F57: 4317212.5 | G57: 528518.94 | H57: 1320.2 | I57: H | J57: Y | K57: 0.01 | L57: 804 | M57: 814 | P57: =IF(L57="","",(M57-L57+1)+IF(N57="",0,O57-N57+1)) -> 11 | Q57: 1.13 | R57: 2.33 | S57: N | V57: SBM-WRD-G6-G7-G8-G9-G10-G12.ncd | W57: 0 | X57: Rdg 807 trigger (85s) | Y57: 0
A58: 46128 | B58: WRD | C58: 7 | D58: B2 | E58: =IF(B58="","","SBM-"&B58&"-G"&TEXT(C58,"00")&"-"&D58) -> SBM-WRD-G07-B2 | F58: 4317232 | G58: 528517.12 | H58: 1337.6 | I58: F | J58: Y | K58: 0.01 | L58: 815 | M58: 825 | P58: =IF(L58="","",(M58-L58+1)+IF(N58="",0,O58-N58+1)) -> 11 | Q58: 89.5 | R58: 75.1 | S58: N | V58: SBM-WRD-G6-G7-G8-G9-G10-G12.ncd | W58: 0 | Y58: 200.6
A59: 46128 | B59: WRD | C59: 7 | D59: B1 | E59: =IF(B59="","","SBM-"&B59&"-G"&TEXT(C59,"00")&"-"&D59) -> SBM-WRD-G07-B1 | F59: 4317238.5 | G59: 528517.38 | H59: 1322.8 | I59: H | J59: Y | K59: 0.01 | L59: 826 | M59: 838 | P59: =IF(L59="","",(M59-L59+1)+IF(N59="",0,O59-N59+1)) -> 13 | Q59: 5.96 | R59: 8.09 | S59: N | V59: SBM-WRD-G6-G7-G8-G9-G10-G12.ncd | W59: 0 | X59: Rdg 829 trigger (88s); Rdg 834 discarded (Fe<LOD) | Y59: 1.66
A60: 46128 | B60: WRD | C60: 6 | D60: B1 | E60: =IF(B60="","","SBM-"&B60&"-G"&TEXT(C60,"00")&"-"&D60) -> SBM-WRD-G06-B1 | F60: 4317272.5 | G60: 528519.44 | H60: 1334.6 | I60: H | J60: Y | K60: 0.01 | L60: 839 | M60: 850 | P60: =IF(L60="","",(M60-L60+1)+IF(N60="",0,O60-N60+1)) -> 12 | Q60: 90.31 | R60: 15.49 | S60: N | V60: SBM-WRD-G6-G7-G8-G9-G10-G12.ncd | W60: 0 | X60: Rdg 840 trigger (81s) | Y60: 4.36
A61: 46129 | B61: WRD | C61: 6 | D61: B2 | E61: =IF(B61="","","SBM-"&B61&"-G"&TEXT(C61,"00")&"-"&D61) -> SBM-WRD-G06-B2 | F61: 4317278 | G61: 528521.88 | H61: 1312.7 | I61: H | J61: Y | K61: 0.01 | L61: 857 | M61: 866 | P61: =IF(L61="","",(M61-L61+1)+IF(N61="",0,O61-N61+1)) -> 10 | Q61: 1.69 | R61: 0.15 | S61: N | V61: SBM-WRD-G2-G3-G4-G5-G6.ncd | W61: 0 | Y61: 0
A62: 46129 | B62: WRD | C62: 5 | D62: B2 | E62: =IF(B62="","","SBM-"&B62&"-G"&TEXT(C62,"00")&"-"&D62) -> SBM-WRD-G05-B2 | F62: 4317307.5 | G62: 528512.38 | H62: 1297.2 | I62: F | J62: Y | K62: 0.01 | L62: 867 | M62: 877 | P62: =IF(L62="","",(M62-L62+1)+IF(N62="",0,O62-N62+1)) -> 11 | Q62: 76.37 | R62: 114.15 | S62: N | V62: SBM-WRD-G2-G3-G4-G5-G6.ncd | W62: 0 | Y62: 194.84
A63: 46129 | B63: WRD | C63: 5 | D63: B1 | E63: =IF(B63="","","SBM-"&B63&"-G"&TEXT(C63,"00")&"-"&D63) -> SBM-WRD-G05-B1 | F63: 4317310 | G63: 528511.62 | H63: 1301.5 | I63: H | J63: Y | K63: 0.01 | L63: 878 | M63: 888 | P63: =IF(L63="","",(M63-L63+1)+IF(N63="",0,O63-N63+1)) -> 11 | Q63: 5.09 | R63: 9.3 | S63: N | V63: SBM-WRD-G2-G3-G4-G5-G6.ncd | W63: 0 | X63: Rdg 883 trigger (87s) | Y63: 1.15
A64: 46129 | B64: WRD | C64: 4 | D64: B1 | E64: =IF(B64="","","SBM-"&B64&"-G"&TEXT(C64,"00")&"-"&D64) -> SBM-WRD-G04-B1 | F64: 4317331.5 | G64: 528482 | H64: 1340.9 | I64: H | J64: Y | K64: 0.01 | L64: 889 | M64: 899 | P64: =IF(L64="","",(M64-L64+1)+IF(N64="",0,O64-N64+1)) -> 11 | Q64: 7.94 | R64: 0 | S64: N | V64: SBM-WRD-G2-G3-G4-G5-G6.ncd | W64: 0 | Y64: 0
A65: 46129 | B65: WRD | C65: 4 | D65: B2 | E65: =IF(B65="","","SBM-"&B65&"-G"&TEXT(C65,"00")&"-"&D65) -> SBM-WRD-G04-B2 | F65: 4317335 | G65: 528481 | H65: 1331 | I65: F | J65: Y | K65: 0.01 | L65: 900 | M65: 911 | P65: =IF(L65="","",(M65-L65+1)+IF(N65="",0,O65-N65+1)) -> 12 | Q65: 0 | R65: 5.15 | S65: N | V65: SBM-WRD-G2-G3-G4-G5-G6.ncd | W65: 0 | X65: Rdg 908 trigger (54s); Rdg 909 trigger (2s) | Y65: 0
A66: 46129 | B66: WRD | C66: 3 | D66: B1 | E66: =IF(B66="","","SBM-"&B66&"-G"&TEXT(C66,"00")&"-"&D66) -> SBM-WRD-G03-B1 | F66: 4317363 | G66: 528471.5 | H66: 1323.5 | I66: H | J66: Y | K66: 0.01 | L66: 912 | M66: 922 | P66: =IF(L66="","",(M66-L66+1)+IF(N66="",0,O66-N66+1)) -> 11 | Q66: 3.32 | R66: 0 | S66: N | V66: SBM-WRD-G2-G3-G4-G5-G6.ncd | W66: 0 | Y66: 0
A67: 46129 | B67: WRD | C67: 3 | D67: B2 | E67: =IF(B67="","","SBM-"&B67&"-G"&TEXT(C67,"00")&"-"&D67) -> SBM-WRD-G03-B2 | F67: 4317368 | G67: 528467.75 | H67: 1310.4 | I67: H | J67: Y | K67: 0.01 | L67: 923 | M67: 932 | P67: =IF(L67="","",(M67-L67+1)+IF(N67="",0,O67-N67+1)) -> 10 | Q67: 23.33 | R67: 0 | S67: N | V67: SBM-WRD-G2-G3-G4-G5-G6.ncd | W67: 0 | Y67: 0
A68: 46129 | B68: WRD | C68: 2 | D68: B2 | E68: =IF(B68="","","SBM-"&B68&"-G"&TEXT(C68,"00")&"-"&D68) -> SBM-WRD-G02-B2 | F68: 4317402 | G68: 528469.5 | H68: 1305.1 | I68: H | J68: Y | K68: 0.01 | L68: 933 | M68: 944 | P68: =IF(L68="","",(M68-L68+1)+IF(N68="",0,O68-N68+1)) -> 12 | Q68: 3.79 | R68: 0.71 | S68: N | V68: SBM-WRD-G2-G3-G4-G5-G6.ncd | W68: 0 | X68: Rdg 942 trigger (84s) | Y68: 0
A69: 46129 | B69: WRD | C69: 2 | D69: B1 | E69: =IF(B69="","","SBM-"&B69&"-G"&TEXT(C69,"00")&"-"&D69) -> SBM-WRD-G02-B1 | F69: 4317419.5 | G69: 528469.25 | H69: 1330.7 | I69: H | J69: Y | K69: 0.01 | L69: 945 | M69: 955 | P69: =IF(L69="","",(M69-L69+1)+IF(N69="",0,O69-N69+1)) -> 11 | Q69: 0.79 | R69: 0 | S69: N | V69: SBM-WRD-G2-G3-G4-G5-G6.ncd | W69: 0 | X69: Rdg 952 discarded (Fe<LOD; retake at Rdg 955) | Y69: 0
A70: 46130 | B70: WRD | C70: 1 | D70: B1 | E70: =IF(B70="","","SBM-"&B70&"-G"&TEXT(C70,"00")&"-"&D70) -> SBM-WRD-G01-B1 | F70: 4317421.5 | G70: 528475.31 | H70: 1240.2 | I70: H | J70: Y | K70: 3 | L70: 958 | M70: 967 | P70: =IF(L70="","",(M70-L70+1)+IF(N70="",0,O70-N70+1)) -> 10 | Q70: 13.8 | R70: 0 | S70: N | V70: SBM-WRD-G1_DRA-G1-G2-G5.ncd | W70: 0 | Y70: 0
A71: 46130 | B71: WRD | C71: 1 | D71: B2 | E71: =IF(B71="","","SBM-"&B71&"-G"&TEXT(C71,"00")&"-"&D71) -> SBM-WRD-G01-B2 | F71: 4317421 | G71: 528472.12 | H71: 1234.3 | I71: H | J71: Y | K71: 2.5 | L71: 968 | M71: 978 | P71: =IF(L71="","",(M71-L71+1)+IF(N71="",0,O71-N71+1)) -> 11 | Q71: 34.27 | R71: 89.47 | S71: N | V71: SBM-WRD-G1_DRA-G1-G2-G5.ncd | W71: 0 | Y71: 20.3
A72: 46130 | B72: DRA | C72: 1 | D72: B2 | E72: =IF(B72="","","SBM-"&B72&"-G"&TEXT(C72,"00")&"-"&D72) -> SBM-DRA-G01-B2 | F72: 4317379 | G72: 528840.31 | H72: 1376 | I72: F | J72: Y | K72: 2 | L72: 979 | M72: 989 | P72: =IF(L72="","",(M72-L72+1)+IF(N72="",0,O72-N72+1)) -> 11 | Q72: 47.17 | R72: 0 | S72: N | V72: SBM-WRD-G1_DRA-G1-G2-G5.ncd | W72: 0 | X72: Rdg 984 discarded (Fe<LOD; retake at Rdg 985) | Y72: 0
A73: 46130 | B73: DRA | C73: 1 | D73: B1 | E73: =IF(B73="","","SBM-"&B73&"-G"&TEXT(C73,"00")&"-"&D73) -> SBM-DRA-G01-B1 | F73: 4317373 | G73: 528873.38 | H73: 1360.9 | I73: H | J73: Y | K73: 2 | L73: 990 | M73: 1000 | P73: =IF(L73="","",(M73-L73+1)+IF(N73="",0,O73-N73+1)) -> 11 | Q73: 111.04 | R73: 0.14 | S73: N | V73: SBM-WRD-G1_DRA-G1-G2-G5.ncd | W73: 0 | X73: Spot 3 hotspot: Rdg 993 Hg 745 ppm, Rdg 994 Hg 383 ppm, retake Rdg 996 clean | Y73: 0
A74: 46130 | B74: DRA | C74: 2 | D74: B2 | E74: =IF(B74="","","SBM-"&B74&"-G"&TEXT(C74,"00")&"-"&D74) -> SBM-DRA-G02-B2 | F74: 4317368.5 | G74: 528890.44 | H74: 1402.9 | I74: F | J74: Y | K74: 2 | L74: 1001 | M74: 1010 | P74: =IF(L74="","",(M74-L74+1)+IF(N74="",0,O74-N74+1)) -> 10 | Q74: 0 | R74: 0 | S74: N | V74: SBM-WRD-G1_DRA-G1-G2-G5.ncd | W74: 0 | Y74: 0
A75: 46130 | B75: DRA | C75: 2 | D75: B1 | E75: =IF(B75="","","SBM-"&B75&"-G"&TEXT(C75,"00")&"-"&D75) -> SBM-DRA-G02-B1 | F75: 4317380 | G75: 528889.94 | H75: 1384.8 | I75: H | J75: Y | K75: 2 | L75: 1011 | M75: 1020 | P75: =IF(L75="","",(M75-L75+1)+IF(N75="",0,O75-N75+1)) -> 10 | Q75: 5.78 | R75: 0 | S75: N | V75: SBM-WRD-G1_DRA-G1-G2-G5.ncd | W75: 0 | Y75: 0
A76: 46130 | B76: DRA | C76: 5 | D76: B1 | E76: =IF(B76="","","SBM-"&B76&"-G"&TEXT(C76,"00")&"-"&D76) -> SBM-DRA-G05-B1 | F76: 4317344 | G76: 528836.38 | H76: 1345.8 | I76: H | J76: Y | K76: 2.5 | L76: 1021 | M76: 1032 | P76: =IF(L76="","",(M76-L76+1)+IF(N76="",0,O76-N76+1)) -> 12 | Q76: 32.34 | R76: 0 | S76: N | V76: SBM-WRD-G1_DRA-G1-G2-G5.ncd | W76: 0 | X76: Rdg 1027 discarded (Fe<LOD; retake at Rdg 1028); Rdg 1031 Hg 313 ppm spot-5 spike | Y76: 0
A77: 46131 | B77: DRA | C77: 5 | D77: B2 | E77: =IF(B77="","","SBM-"&B77&"-G"&TEXT(C77,"00")&"-"&D77) -> SBM-DRA-G05-B2 | F77: 4317334.4 | G77: 528838.49 | H77: 1331.2 | I77: F | J77: Y | K77: 0.01 | L77: 1039 | M77: 1049 | P77: =IF(L77="","",(M77-L77+1)+IF(N77="",0,O77-N77+1)) -> 11 | Q77: 112.42 | R77: 0.33 | S77: N | V77: SBM-DRA-G5-G10_NWRP-G10-G14.ncd | W77: 0 | X77: Spot 4 had 3 rdgs; Rdg 1042 kept and flagged (Fe<LOD) | Y77: 0
A78: 46131 | B78: DRA | C78: 10 | D78: B1 | E78: =IF(B78="","","SBM-"&B78&"-G"&TEXT(C78,"00")&"-"&D78) -> SBM-DRA-G10-B1 | F78: 4317284.6 | G78: 528836.36 | H78: 1343 | I78: H | J78: Y | K78: 0.01 | L78: 1051 | M78: 1063 | P78: =IF(L78="","",(M78-L78+1)+IF(N78="",0,O78-N78+1)) -> 13 | Q78: 118.61 | R78: 0.07 | S78: N | V78: SBM-DRA-G5-G10_NWRP-G10-G14.ncd | W78: 0 | X78: Spots 2 & 5 had 3 rdgs each; Rdg 1059 kept and flagged (Fe<LOD); Rdg 1061 discarded (Fe<LOD, retake at 1062) | Y78: 0
A79: 46131 | B79: DRA | C79: 10 | D79: B2 | E79: =IF(B79="","","SBM-"&B79&"-G"&TEXT(C79,"00")&"-"&D79) -> SBM-DRA-G10-B2 | F79: 4317281.4 | G79: 528832.65 | H79: 1353.5 | I79: F | J79: Y | K79: 0.01 | L79: 1064 | M79: 1074 | P79: =IF(L79="","",(M79-L79+1)+IF(N79="",0,O79-N79+1)) -> 11 | Q79: 16.87 | R79: 5.72 | S79: N | V79: SBM-DRA-G5-G10_NWRP-G10-G14.ncd | W79: 0 | X79: Spot 1 had 3 rdgs | Y79: 0
A80: 46131 | B80: NWRP | C80: 10 | D80: B1 | E80: =IF(B80="","","SBM-"&B80&"-G"&TEXT(C80,"00")&"-"&D80) -> SBM-NWRP-G10-B1 | F80: 4317520.6 | G80: 529076.06 | H80: 1409.3 | I80: H | J80: Y | K80: 0.01 | L80: 1075 | M80: 1084 | P80: =IF(L80="","",(M80-L80+1)+IF(N80="",0,O80-N80+1)) -> 10 | Q80: 3.58 | R80: 0.44 | S80: N | V80: SBM-DRA-G5-G10_NWRP-G10-G14.ncd | W80: 0 | Y80: 0
A81: 46131 | B81: NWRP | C81: 10 | D81: B2 | E81: =IF(B81="","","SBM-"&B81&"-G"&TEXT(C81,"00")&"-"&D81) -> SBM-NWRP-G10-B2 | F81: 4317529.3 | G81: 529078.89 | H81: 1323.2 | I81: F | J81: Y | K81: 0.01 | L81: 1085 | M81: 1094 | P81: =IF(L81="","",(M81-L81+1)+IF(N81="",0,O81-N81+1)) -> 10 | Q81: 6.7 | R81: 1.7 | S81: N | V81: SBM-DRA-G5-G10_NWRP-G10-G14.ncd | W81: 0 | Y81: 0
A82: 46131 | B82: NWRP | C82: 14 | D82: B2 | E82: =IF(B82="","","SBM-"&B82&"-G"&TEXT(C82,"00")&"-"&D82) -> SBM-NWRP-G14-B2 | F82: 4317453.7 | G82: 529327.25 | H82: 1386.5 | I82: F | J82: Y | K82: 0.01 | L82: 1095 | M82: 1104 | P82: =IF(L82="","",(M82-L82+1)+IF(N82="",0,O82-N82+1)) -> 10 | Q82: 24.98 | R82: 2.5 | S82: N | V82: SBM-DRA-G5-G10_NWRP-G10-G14.ncd | W82: 0 | Y82: 0
A83: 46139 | B83: NWRP | C83: 14 | D83: B1 | E83: =IF(B83="","","SBM-"&B83&"-G"&TEXT(C83,"00")&"-"&D83) -> SBM-NWRP-G14-B1 | F83: 4317461.8 | G83: 529320.9 | H83: 1393 | I83: H | J83: Y | K83: 0.01 | L83: 1115 | M83: 1124 | P83: =IF(L83="","",(M83-L83+1)+IF(N83="",0,O83-N83+1)) -> 10 | Q83: 0.89 | R83: 0 | S83: N | V83: SBM-NWRP-G14-G12-G9-G4-G13-G3_X501203.ncd | W83: 0 | Y83: 0
A84: 46139 | B84: NWRP | C84: 12 | D84: B1 | E84: =IF(B84="","","SBM-"&B84&"-G"&TEXT(C84,"00")&"-"&D84) -> SBM-NWRP-G12-B1 | F84: 4317508.4 | G84: 529347.3 | H84: 1423.7 | I84: H | J84: Y | K84: 0.01 | L84: 1125 | M84: 1135 | P84: =IF(L84="","",(M84-L84+1)+IF(N84="",0,O84-N84+1)) -> 11 | Q84: 4.54 | R84: 2.84 | S84: N | V84: SBM-NWRP-G14-G12-G9-G4-G13-G3_X501203.ncd | W84: 0 | X84: Rdg 1129 discarded (Fe<LOD) | Y84: 0
A85: 46139 | B85: NWRP | C85: 12 | D85: B2 | E85: =IF(B85="","","SBM-"&B85&"-G"&TEXT(C85,"00")&"-"&D85) -> SBM-NWRP-G12-B2 | F85: 4317500.3 | G85: 529349.5 | H85: 1426.6 | I85: F | J85: Y | K85: 0.01 | L85: 1136 | M85: 1145 | P85: =IF(L85="","",(M85-L85+1)+IF(N85="",0,O85-N85+1)) -> 10 | Q85: 10.4 | R85: 45.23 | S85: N | V85: SBM-NWRP-G14-G12-G9-G4-G13-G3_X501203.ncd | W85: 0 | Y85: 88.43
A86: 46139 | B86: NWRP | C86: 9 | D86: B1 | E86: =IF(B86="","","SBM-"&B86&"-G"&TEXT(C86,"00")&"-"&D86) -> SBM-NWRP-G09-B1 | F86: 4317567 | G86: 529352.4 | H86: 1470.1 | I86: H | J86: Y | K86: 0.01 | L86: 1147 | M86: 1156 | P86: =IF(L86="","",(M86-L86+1)+IF(N86="",0,O86-N86+1)) -> 10 | Q86: 0.3 | R86: 12.56 | S86: N | V86: SBM-NWRP-G14-G12-G9-G4-G13-G3_X501203.ncd | W86: 0 | X86: Rdg 1146 discarded (Fe<LOD, 92s) | Y86: 0
A87: 46139 | B87: NWRP | C87: 9 | D87: B2 | E87: =IF(B87="","","SBM-"&B87&"-G"&TEXT(C87,"00")&"-"&D87) -> SBM-NWRP-G09-B2 | F87: 4317563.5 | G87: 529351.7 | H87: 1414.7 | I87: F | J87: Y | K87: 0.01 | L87: 1157 | M87: 1167 | P87: =IF(L87="","",(M87-L87+1)+IF(N87="",0,O87-N87+1)) -> 11 | Q87: 1.21 | R87: 27.27 | S87: N | V87: SBM-NWRP-G14-G12-G9-G4-G13-G3_X501203.ncd | W87: 0 | X87: Rdg 1159 discarded (Fe<LOD) | Y87: 0
A88: 46139 | B88: NWRP | C88: 4 | D88: B1 | E88: =IF(B88="","","SBM-"&B88&"-G"&TEXT(C88,"00")&"-"&D88) -> SBM-NWRP-G04-B1 | F88: 4317563.3 | G88: 529383.2 | H88: 1440.3 | I88: H | J88: Y | K88: 0.01 | L88: 1168 | M88: 1178 | P88: =IF(L88="","",(M88-L88+1)+IF(N88="",0,O88-N88+1)) -> 11 | Q88: 22.56 | R88: 9.34 | S88: N | V88: SBM-NWRP-G14-G12-G9-G4-G13-G3_X501203.ncd | W88: 0 | X88: Rdg 1175 discarded (30s short, retake at 1176) | Y88: 6.39
A89: 46139 | B89: NWRP | C89: 4 | D89: B2 | E89: =IF(B89="","","SBM-"&B89&"-G"&TEXT(C89,"00")&"-"&D89) -> SBM-NWRP-G04-B2 | F89: 4317566.5 | G89: 529378.5 | H89: 1421 | I89: F | J89: Y | K89: 0.01 | L89: 1179 | M89: 1189 | P89: =IF(L89="","",(M89-L89+1)+IF(N89="",0,O89-N89+1)) -> 11 | Q89: 0 | R89: 6.39 | S89: N | V89: SBM-NWRP-G14-G12-G9-G4-G13-G3_X501203.ncd | W89: 0 | X89: Rdg 1183 discarded (45s short); GPS lat field-form typo (39.000805 → corrected to 39.006805) | Y89: 0
A90: 46139 | B90: NWRP | C90: 13 | D90: B1 | E90: =IF(B90="","","SBM-"&B90&"-G"&TEXT(C90,"00")&"-"&D90) -> SBM-NWRP-G13-B1 | F90: 4317526.7 | G90: 529387.1 | H90: 1437.9 | I90: H | J90: Y | K90: 0.01 | L90: 1190 | M90: 1199 | P90: =IF(L90="","",(M90-L90+1)+IF(N90="",0,O90-N90+1)) -> 10 | Q90: 1.27 | R90: 0.5 | S90: N | V90: SBM-NWRP-G14-G12-G9-G4-G13-G3_X501203.ncd | W90: 0 | X90: Rdg 1200 discarded (8s short) | Y90: 0
A91: 46139 | B91: NWRP | C91: 13 | D91: B2 | E91: =IF(B91="","","SBM-"&B91&"-G"&TEXT(C91,"00")&"-"&D91) -> SBM-NWRP-G13-B2 | F91: 4317527.4 | G91: 529384.2 | H91: 1444.1 | I91: F | J91: Y | K91: 0.01 | L91: 1201 | M91: 1210 | P91: =IF(L91="","",(M91-L91+1)+IF(N91="",0,O91-N91+1)) -> 10 | Q91: 3.66 | R91: 8.14 | S91: N | V91: SBM-NWRP-G14-G12-G9-G4-G13-G3_X501203.ncd | W91: 0 | X91: Rdg 1208 Fe<LOD kept and flagged; GPS lat field-form typo (39.000743 → corrected to 39.006743) | Y91: 1.6
A92: 46139 | B92: NWRP | C92: 3 | D92: B2 | E92: =IF(B92="","","SBM-"&B92&"-G"&TEXT(C92,"00")&"-"&D92) -> SBM-NWRP-G03-B2 | F92: 4317627.2 | G92: 529308.6 | H92: 1445.5 | I92: F | J92: Y | K92: 0.01 | L92: 1211 | M92: 1220 | P92: =IF(L92="","",(M92-L92+1)+IF(N92="",0,O92-N92+1)) -> 10 | Q92: 1.01 | R92: 1.92 | S92: N | V92: SBM-NWRP-G14-G12-G9-G4-G13-G3_X501203.ncd | W92: 0 | X92: G3 HB-B1 not yet sampled | Y92: 0
A93: 46139 | B93: DRA | C93: 7 | D93: B1 | E93: =IF(B93="","","SBM-"&B93&"-G"&TEXT(C93,"00")&"-"&D93) -> SBM-DRA-G07-B1 | F93: 4317319.2 | G93: 529274 | H93: 1340 | I93: H | J93: Y | K93: 0.01 | L93: 12 | M93: 22 | P93: =IF(L93="","",(M93-L93+1)+IF(N93="",0,O93-N93+1)) -> 11 | Q93: 5.5 | R93: 0.13 | S93: N | V93: SBM-DRA-G7-G3_X500456.ncd | W93: 0 | X93: Rdgs 16, 18 Fe<LOD kept and flagged; Elev estimated from nearby DRA boulders (Gun 2 X500456 has no GPS capture) | Y93: 0
A94: 46139 | B94: DRA | C94: 7 | D94: B2 | E94: =IF(B94="","","SBM-"&B94&"-G"&TEXT(C94,"00")&"-"&D94) -> SBM-DRA-G07-B2 | F94: 4317401.6 | G94: 529349.9 | H94: 1340 | I94: F | J94: Y | K94: 0.01 | L94: 23 | M94: 33 | P94: =IF(L94="","",(M94-L94+1)+IF(N94="",0,O94-N94+1)) -> 11 | Q94: 1.55 | R94: 0.81 | S94: N | V94: SBM-DRA-G7-G3_X500456.ncd | W94: 0 | X94: Rdg 31 Fe~29 (effectively <LOD) kept and flagged; spot 5 has 3 readings; Elev estimated from nearby DRA boulders (Gun 2 X500456 has no GPS capture) | Y94: 0
A95: 46139 | B95: DRA | C95: 3 | D95: B1 | E95: =IF(B95="","","SBM-"&B95&"-G"&TEXT(C95,"00")&"-"&D95) -> SBM-DRA-G03-B1 | F95: 4317419.6 | G95: 529270.3 | H95: 1330 | I95: H | J95: Y | K95: 0.01 | L95: 34 | M95: 45 | P95: =IF(L95="","",(M95-L95+1)+IF(N95="",0,O95-N95+1)) -> 12 | Q95: 6.43 | R95: 3.06 | S95: N | V95: SBM-DRA-G7-G3_X500456.ncd | W95: 0 | X95: Spot 5 has 4 readings; Elev estimated from nearby DRA boulders (Gun 2 X500456 has no GPS capture) | Y95: 0
A96: 46139 | B96: DRA | C96: 3 | D96: B2 | E96: =IF(B96="","","SBM-"&B96&"-G"&TEXT(C96,"00")&"-"&D96) -> SBM-DRA-G03-B2 | F96: 4317406.9 | G96: 529298.8 | H96: 1330 | I96: F | J96: Y | K96: 0.01 | L96: 46 | M96: 57 | P96: =IF(L96="","",(M96-L96+1)+IF(N96="",0,O96-N96+1)) -> 12 | Q96: 10.6 | R96: 0.27 | S96: N | V96: SBM-DRA-G7-G3_X500456.ncd | W96: 0 | X96: Spot 2 has 3 readings, spot 5 has 3 readings; GPS lon estimate (form unclear); Elev estimated from nearby DRA boulders (Gun 2 X500456 has no GPS capture) | Y96: 0
A97: 46140 | B97: DRA | C97: 6 | D97: B1 | E97: =IF(B97="","","SBM-"&B97&"-G"&TEXT(C97,"00")&"-"&D97) -> SBM-DRA-G06-B1 | F97: 4317300 | G97: 528994.8 | H97: 1385.1 | I97: H | J97: Y | K97: 0.01 | L97: 1225 | M97: 1238 | P97: =IF(L97="","",(M97-L97+1)+IF(N97="",0,O97-N97+1)) -> 14 | Q97: 0.28 | R97: 0 | S97: N | V97: SBM-DRA-G6-G8_X501203.ncd | W97: 0 | X97: Rdgs 1228, 1230, 1232, 1235 discarded (short on time). Dark grey andesite, small vesicles. | Y97: 0
... A101: 46140 | B101: DRA | C101: 14 | D101: B1 | E101: =IF(B101="","","SBM-"&B101&"-G"&TEXT(C101,"00")&"-"&D101) -> SBM-DRA-G14-B1 | F101: 4317248.2 | G101: 528982.2 | H101: 1340 | I101: H | J101: Y | K101: 0.01 | L101: 63 | M101: 74 | P101: =IF(L101="","",(M101-L101+1)+IF(N101="",0,O101-N101+1)) -> 12 | Q101: 1.05 | R101: 10.21 | S101: N | V101: SBM-DRA-G14-G13-G12-G9_X500456.ncd | W101: 0 | X101: Rdgs 66, 70 discarded (short). | Y101: 0
A102: 46140 | B102: DRA | C102: 14 | D102: B2 | E102: =IF(B102="","","SBM-"&B102&"-G"&TEXT(C102,"00")&"-"&D102) -> SBM-DRA-G14-B2 | F102: 4317243.7 | G102: 528980.7 | H102: 1340 | I102: F | J102: Y | K102: 0.01 | L102: 75 | M102: 84 | P102: =IF(L102="","",(M102-L102+1)+IF(N102="",0,O102-N102+1)) -> 10 | Q102: 15.19 | R102: 1.76 | S102: N | V102: SBM-DRA-G14-G13-G12-G9_X500456.ncd | W102: 0 | Y102: 0
A103: 46140 | B103: DRA | C103: 13 | D103: B1 | E103: =IF(B103="","","SBM-"&B103&"-G"&TEXT(C103,"00")&"-"&D103) -> SBM-DRA-G13-B1 | F103: 4317304.3 | G103: 528937.2 | H103: 1340 | I103: H | J103: Y | K103: 0.01 | L103: 85 | M103: 96 | P103: =IF(L103="","",(M103-L103+1)+IF(N103="",0,O103-N103+1)) -> 12 | Q103: 7.15 | R103: 32.16 | S103: N | V103: SBM-DRA-G14-G13-G12-G9_X500456.ncd | W103: 0 | X103: Rdg 91 discarded. Note: previous sample IDs in this area referenced as SBM-WRP — WRP=DRA. | Y103: 4.87
A104: 46140 | B104: DRA | C104: 13 | D104: B2 | E104: =IF(B104="","","SBM-"&B104&"-G"&TEXT(C104,"00")&"-"&D104) -> SBM-DRA-G13-B2 | F104: 4317375.8 | G104: 529326.5 | H104: 1340 | I104: F | J104: Y | K104: 0.01 | L104: 97 | M104: 107 | P104: =IF(L104="","",(M104-L104+1)+IF(N104="",0,O104-N104+1)) -> 11 | Q104: 73.85 | R104: 222.85 | S104: N | V104: SBM-DRA-G14-G13-G12-G9_X500456.ncd | W104: 0 | X104: HOT BOULDER: Avg Hg ~74 ppm, Avg As ~223 ppm. Spot 5 (1106-1107) Hg 355-372 ppm. Spot 3 (1101-1103) As 441-554 ppm. | Y104: 141.84
A105: 46140 | B105: DRA | C105: 12 | D105: B1 | E105: =IF(B105="","","SBM-"&B105&"-G"&TEXT(C105,"00")&"-"&D105) -> SBM-DRA-G12-B1 | F105: 4317360.9 | G105: 529265.2 | H105: 1340 | I105: H | J105: Y | K105: 0.01 | L105: 108 | M105: 118 | P105: =IF(L105="","",(M105-L105+1)+IF(N105="",0,O105-N105+1)) -> 11 | Q105: 2.24 | R105: 0.21 | S105: N | V105: SBM-DRA-G14-G13-G12-G9_X500456.ncd | W105: 0 | X105: Rdg 111 Fe near LOD (~40 ppm); kept and flagged. | Y105: 0
A106: 46140 | B106: DRA | C106: 12 | D106: B2 | E106: =IF(B106="","","SBM-"&B106&"-G"&TEXT(C106,"00")&"-"&D106) -> SBM-DRA-G12-B2 | F106: 4317375.7 | G106: 529298.6 | H106: 1340 | I106: F | J106: Y | K106: 0.01 | L106: 120 | M106: 129 | P106: =IF(L106="","",(M106-L106+1)+IF(N106="",0,O106-N106+1)) -> 10 | Q106: 0 | R106: 0.48 | S106: N | V106: SBM-DRA-G14-G13-G12-G9_X500456.ncd | W106: 0 | X106: Rdg 119 discarded (0.33s). | Y106: 0
A107: 46140 | B107: DRA | C107: 9 | D107: B1 | E107: =IF(B107="","","SBM-"&B107&"-G"&TEXT(C107,"00")&"-"&D107) -> SBM-DRA-G09-B1 | F107: 4317336.8 | G107: 529282.1 | H107: 1340 | I107: H | J107: Y | K107: 0.01 | L107: 130 | M107: 139 | P107: =IF(L107="","",(M107-L107+1)+IF(N107="",0,O107-N107+1)) -> 10 | Q107: 0 | R107: 0.16 | S107: N | V107: SBM-DRA-G14-G13-G12-G9_X500456.ncd | W107: 0 | X107: Gray andesite, small fresh vesicles. Rind is pink/orange, thick mass. | Y107: 0
A108: 46141 | B108: NWP | C108: 1 | D108: B1 | E108: =IF(B108="","","SBM-"&B108&"-G"&TEXT(C108,"00")&"-"&D108) -> SBM-NWP-G01-B1 | F108: 4317568.8 | G108: 528781.1 | H108: 1439 | I108: H | J108: Y | K108: 0.01 | L108: 1288 | M108: 1302 | P108: =IF(L108="","",(M108-L108+1)+IF(N108="",0,O108-N108+1)) -> 15 | Q108: 9.01 | R108: 2.97 | S108: N | V108: SBM-NWP-G1-G2-G5_X501203.ncd | W108: 0 | Y108: 0
A109: 46141 | B109: NWP | C109: 1 | D109: B2 | E109: =IF(B109="","","SBM-"&B109&"-G"&TEXT(C109,"00")&"-"&D109) -> SBM-NWP-G01-B2 | F109: 4317557.5 | G109: 528789.6 | H109: 1381 | I109: F | J109: Y | K109: 0.01 | L109: 1303 | M109: 1315 | P109: =IF(L109="","",(M109-L109+1)+IF(N109="",0,O109-N109+1)) -> 13 | Q109: 1.42 | R109: 0 | S109: N | V109: SBM-NWP-G1-G2-G5_X501203.ncd | W109: 0 | Y109: 0
A110: 46141 | B110: NWP | C110: 2 | D110: B1 | E110: =IF(B110="","","SBM-"&B110&"-G"&TEXT(C110,"00")&"-"&D110) -> SBM-NWP-G02-B1 | F110: 4317546 | G110: 528777.9 | H110: 1380 | I110: H | J110: Y | K110: 0.01 | L110: 1316 | M110: 1328 | P110: =IF(L110="","",(M110-L110+1)+IF(N110="",0,O110-N110+1)) -> 13 | Q110: 10.02 | R110: 4.06 | S110: N | V110: SBM-NWP-G1-G2-G5_X501203.ncd | W110: 0 | X110: Rdgs 1317, 1320 Fe<LOD kept and flagged. | Y110: 0
A111: 46141 | B111: NWP | C111: 2 | D111: B2 | E111: =IF(B111="","","SBM-"&B111&"-G"&TEXT(C111,"00")&"-"&D111) -> SBM-NWP-G02-B2 | F111: 4317546 | G111: 528774.9 | H111: 1396 | I111: F | J111: Y | K111: 0.01 | L111: 1329 | M111: 1341 | P111: =IF(L111="","",(M111-L111+1)+IF(N111="",0,O111-N111+1)) -> 13 | Q111: 20.21 | R111: 0.08 | S111: N | V111: SBM-NWP-G1-G2-G5_X501203.ncd | W111: 0 | Y111: 0
A112: 46141 | B112: NWP | C112: 5 | D112: B1 | E112: =IF(B112="","","SBM-"&B112&"-G"&TEXT(C112,"00")&"-"&D112) -> SBM-NWP-G05-B1 | F112: 4317529.8 | G112: 528795.1 | H112: 1382 | I112: H | J112: Y | K112: 0.01 | L112: 1342 | M112: 1351 | P112: =IF(L112="","",(M112-L112+1)+IF(N112="",0,O112-N112+1)) -> 10 | Q112: 2.9 | R112: 0 | S112: N | V112: SBM-NWP-G1-G2-G5_X501203.ncd | W112: 0 | Y112: 0
A113: 46141 | B113: NWP | C113: 5 | D113: B2 | E113: =IF(B113="","","SBM-"&B113&"-G"&TEXT(C113,"00")&"-"&D113) -> SBM-NWP-G05-B2 | F113: 4317528.5 | G113: 528801.2 | H113: 1376 | I113: F | J113: Y | K113: 0.01 | L113: 1352 | M113: 1362 | P113: =IF(L113="","",(M113-L113+1)+IF(N113="",0,O113-N113+1)) -> 11 | Q113: 22.08 | R113: 0 | S113: N | V113: SBM-NWP-G1-G2-G5_X501203.ncd | W113: 0 | Y113: 0
A114: 46141 | B114: NWRP | C114: 11 | D114: B1 | E114: =IF(B114="","","SBM-"&B114&"-G"&TEXT(C114,"00")&"-"&D114) -> SBM-NWRP-G11-B1 | F114: 4317546.8 | G114: 529237.5 | H114: 1457 | I114: H | J114: Y | K114: 0.01 | L114: 144 | M114: 153 | P114: =IF(L114="","",(M114-L114+1)+IF(N114="",0,O114-N114+1)) -> 10 | Q114: 1.07 | R114: 1.17 | S114: N | V114: SBM-NWRP-G5-G6-G7-G8-G11_X500456.ncd | W114: 0 | Y114: 0
...

Sheet XRF Readings Detail
A1: XRF Individual Reading Log
A2: Pick Sample ID → Date auto-fills from Boulder Sample Log
A3: Identification | F3: Element Results | N3: Instrument
A4: Sample ID | B4: Date (auto) | C4: XRF Rdg # | D4: Reading Type | E4: Spot # | F4: Hg (ppm) | G4: As (ppm) | H4: Pb (ppm) | I4: Fe (ppm) | J4: Mn (ppm) | K4: S (ppm) | L4: Zn (ppm) | M4: Cu (ppm) | N4: Duration (sec) | O4: # Filters | P4: Notes | Q4: XRF S/N
A5: SBM-SWRP-G12-B1 | B5: =IFERROR(INDEX('Boulder Sample Log'!A$5:A$204,MATCH(A5,'Boulder Sample Log'!E$5:E$204,0)),"") -> 46114 | C5: 2 | D5: Surface | E5: 1 | F5: 4.4 | G5: <LOD | H5: 5.79 | I5: 26141.29 | J5: 350.81 | K5: 9305.54 | L5: 35.93 | M5: 10.19 | N5: 120.6 | O5: 4 | Q5: X501203
A6: SBM-SWRP-G12-B1 | B6: =IFERROR(INDEX('Boulder Sample Log'!A$5:A$204,MATCH(A6,'Boulder Sample Log'!E$5:E$204,0)),"") -> 46114 | C6: 3 | D6: Surface | E6: 1 | F6: 10.08 | G6: <LOD | H6: 9.88 | I6: 31370.69 | J6: 450.63 | K6: 3101.66 | L6: 34.14 | M6: 5.91 | N6: 120.6 | O6: 4 | Q6: X501203
A7: SBM-SWRP-G12-B1 | B7: =IFERROR(INDEX('Boulder Sample Log'!A$5:A$204,MATCH(A7,'Boulder Sample Log'!E$5:E$204,0)),"") -> 46114 | C7: 4 | D7: Surface | E7: 1 | F7: 5.46 | G7: <LOD | H7: 8.6 | I7: 31760.4 | J7: 364.91 | K7: 11103.9 | L7: 47.85 | M7: 5.9 | N7: 120.6 | O7: 4 | Q7: X501203
A8: SBM-SWRP-G12-B1 | B8: =IFERROR(INDEX('Boulder Sample Log'!A$5:A$204,MATCH(A8,'Boulder Sample Log'!E$5:E$204,0)),"") -> 46114 | C8: 5 | D8: Surface | E8: 2 | F8: <LOD | G8: <LOD | H8: 4.67 | I8: 33871.19 | J8: 512.15 | K8: 1829.2 | L8: 37.31 | M8: 9.32 | N8: 120.4 | O8: 4 | Q8: X501203
A9: SBM-SWRP-G12-B1 | B9: =IFERROR(INDEX('Boulder Sample Log'!A$5:A$204,MATCH(A9,'Boulder Sample Log'!E$5:E$204,0)),"") -> 46114 | C9: 6 | D9: Surface | E9: 2 | F9: 48.44 | G9: <LOD | H9: 4.83 | I9: 36168.13 | J9: 1995.06 | K9: 28837.54 | L9: 101.51 | M9: 14.51 | N9: 120.5 | O9: 4 | Q9: X501203
A10: SBM-SWRP-G12-B1 | B10: =IFERROR(INDEX('Boulder Sample Log'!A$5:A$204,MATCH(A10,'Boulder Sample Log'!E$5:E$204,0)),"") -> 46114 | C10: 7 | D10: Surface | E10: 2 | F10: 9.56 | G10: <LOD | H10: 9.88 | I10: 28289.14 | J10: 383.92 | K10: 9457.1 | L10: 36.6 | M10: 14.88 | N10: 120.4 | O10: 4 | Q10: X501203
A11: SBM-SWRP-G12-B1 | B11: =IFERROR(INDEX('Boulder Sample Log'!A$5:A$204,MATCH(A11,'Boulder Sample Log'!E$5:E$204,0)),"") -> 46114 | C11: 8 | D11: Surface | E11: 3 | F11: <LOD | G11: <LOD | H11: 6.55 | I11: 42506.76 | J11: 1258.15 | K11: 6270.34 | L11: 42.16 | M11: 16.55 | N11: 120.4 | O11: 4 | Q11: X501203
A12: SBM-SWRP-G12-B1 | B12: =IFERROR(INDEX('Boulder Sample Log'!A$5:A$204,MATCH(A12,'Boulder Sample Log'!E$5:E$204,0)),"") -> 46114 | C12: 9 | D12: Surface | E12: 3 | F12: 6.17 | G12: <LOD | H12: 8.96 | I12: 34397.96 | J12: 421.92 | K12: 5260.86 | L12: 46.72 | M12: 17.37 | N12: 120.5 | O12: 4 | Q12: X501203
A13: SBM-SWRP-G12-B1 | B13: =IFERROR(INDEX('Boulder Sample Log'!A$5:A$204,MATCH(A13,'Boulder Sample Log'!E$5:E$204,0)),"") -> 46114 | C13: 10 | D13: Surface | E13: 3 | F13: 5.99 | G13: <LOD | H13: 6.75 | I13: 30778.17 | J13: 395.8 | K13: 11560.28 | L13: 33.65 | M13: 8.18 | N13: 120.4 | O13: 4 | Q13: X501203
A14: SBM-SWRP-G12-B1 | B14: =IFERROR(INDEX('Boulder Sample Log'!A$5:A$204,MATCH(A14,'Boulder Sample Log'!E$5:E$204,0)),"") -> 46114 | C14: 11 | D14: Surface | E14: 4 | F14: 19.08 | G14: <LOD | H14: 6.07 | I14: 30223.72 | J14: <LOD | K14: 18289.84 | L14: <LOD | M14: <LOD | N14: 120.4 | O14: 4 | Q14: X501203
A15: SBM-SWRP-G12-B1 | B15: =IFERROR(INDEX('Boulder Sample Log'!A$5:A$204,MATCH(A15,'Boulder Sample Log'!E$5:E$204,0)),"") -> 46114 | C15: 12 | D15: Surface | E15: 4 | F15: 6.97 | G15: <LOD | H15: 7.94 | I15: 27823.93 | J15: 375.82 | K15: 12337.52 | L15: 32.37 | M15: 18.67 | N15: 120.5 | O15: 4 | Q15: X501203
A16: SBM-SWRP-G12-B1 | B16: =IFERROR(INDEX('Boulder Sample Log'!A$5:A$204,MATCH(A16,'Boulder Sample Log'!E$5:E$204,0)),"") -> 46114 | C16: 13 | D16: Surface | E16: 4 | F16: 2.82 | G16: <LOD | H16: 6.5 | I16: 45214.65 | J16: 1167.05 | K16: 6241.55 | L16: 46.33 | M16: 16 | N16: 120.4 | O16: 4 | Q16: X501203
A17: SBM-SWRP-G12-B1 | B17: =IFERROR(INDEX('Boulder Sample Log'!A$5:A$204,MATCH(A17,'Boulder Sample Log'!E$5:E$204,0)),"") -> 46114 | C17: 14 | D17: Surface | E17: 5 | F17: 12.59 | G17: <LOD | H17: 6.05 | I17: 45975.91 | J17: 401.99 | K17: 12383.45 | L17: 41.49 | M17: 21.92 | N17: 120.3 | O17: 4 | Q17: X501203
A18: SBM-SWRP-G12-B1 | B18: =IFERROR(INDEX('Boulder Sample Log'!A$5:A$204,MATCH(A18,'Boulder Sample Log'!E$5:E$204,0)),"") -> 46114 | C18: 15 | D18: Surface | E18: 5 | F18: 32.66 | G18: <LOD | H18: 6.17 | I18: 37341.72 | J18: 1170.19 | K18: 32405.24 | L18: 68.3 | M18: 8.38 | N18: 120.7 | O18: 4 | Q18: X501203
A19: SBM-SWRP-G12-B1 | B19: =IFERROR(INDEX('Boulder Sample Log'!A$5:A$204,MATCH(A19,'Boulder Sample Log'!E$5:E$204,0)),"") -> 46114 | C19: 16 | D19: Surface | E19: 5 | F19: 14.35 | G19: <LOD | H19: 5.47 | I19: 52586.05 | J19: 1124.99 | K19: 6540.37 | L19: 85.9 | M19: 44.13 | N19: 120.3 | O19: 4 | Q19: X501203
A20: SBM-SWRP-G12-B1 | B20: =IFERROR(INDEX('Boulder Sample Log'!A$5:A$204,MATCH(A20,'Boulder Sample Log'!E$5:E$204,0)),"") -> 46114 | C20: 17 | D20: Powder | E20: P | F20: <LOD | G20: <LOD | H20: <LOD | I20: 22640.14 | J20: 425.48 | K20: 1891.14 | L20: 21.2 | M20: <LOD | N20: 120.4 | O20: 4 | P20: SBM-SWRP-G12-HB-PR | Q20: X501203
A21: SBM-SWRP-G12-B1 | B21: =IFERROR(INDEX('Boulder Sample Log'!A$5:A$204,MATCH(A21,'Boulder Sample Log'!E$5:E$204,0)),"") -> 46114 | C21: 18 | D21: Powder | E21: P | F21: 3 | G21: <LOD | H21: 4.77 | I21: 27067.32 | J21: 552.05 | K21: 3214.15 | L21: 33.91 | M21: 4.85 | N21: 120.1 | O21: 4 | P21: SBM-SWRP-G12-HB-PR | Q21: X501203
A22: SBM-SWRP-G12-B1 | B22: =IFERROR(INDEX('Boulder Sample Log'!A$5:A$204,MATCH(A22,'Boulder Sample Log'!E$5:E$204,0)),"") -> 46114 | C22: 19 | D22: Powder | E22: P | F22: <LOD | G22: <LOD | H22: 4.92 | I22: 26538.34 | J22: 547.55 | K22: 3325.85 | L22: 31.92 | M22: 7.16 | N22: 120.4 | O22: 4 | P22: SBM-SWRP-G12-HB-PR | Q22: X501203
A23: SBM-SWRP-G12-B2 | B23: =IFERROR(INDEX('Boulder Sample Log'!A$5:A$204,MATCH(A23,'Boulder Sample Log'!E$5:E$204,0)),"") -> 46114 | C23: 20 | D23: Surface | E23: 1 | F23: 5.51 | G23: <LOD | H23: 17.53 | I23: 32516.49 | J23: 503.23 | K23: 1418.38 | L23: 28.61 | M23: 4.55 | N23: 120.5 | O23: 4 | Q23: X501203
A24: SBM-SWRP-G12-B2 | B24: =IFERROR(INDEX('Boulder Sample Log'!A$5:A$204,MATCH(A24,'Boulder Sample Log'!E$5:E$204,0)),"") -> 46114 | C24: 21 | D24: Surface | E24: 1 | F24: <LOD | G24: <LOD | H24: 9.51 | I24: 36634.33 | J24: 447.57 | K24: 1194.09 | L24: 29.94 | M24: 10.73 | N24: 120.3 | O24: 4 | Q24: X501203
A25: SBM-SWRP-G12-B2 | B25: =IFERROR(INDEX('Boulder Sample Log'!A$5:A$204,MATCH(A25,'Boulder Sample Log'!E$5:E$204,0)),"") -> 46114 | C25: 22 | D25: Surface | E25: 1 | F25: <LOD | G25: <LOD | H25: 7.58 | I25: 32304.81 | J25: 392.8 | K25: 1193.97 | L25: 30.45 | M25: 8.4 | N25: 120.2 | O25: 4 | Q25: X501203
A26: SBM-SWRP-G12-B2 | B26: =IFERROR(INDEX('Boulder Sample Log'!A$5:A$204,MATCH(A26,'Boulder Sample Log'!E$5:E$204,0)),"") -> 46114 | C26: 23 | D26: Surface | E26: 2 | F26: 3.64 | G26: <LOD | H26: 8.07 | I26: 31763.87 | J26: 474.79 | K26: 2118.13 | L26: 59.21 | M26: 15.16 | N26: 122.8 | O26: 4 | Q26: X501203
A27: SBM-SWRP-G12-B2 | B27: =IFERROR(INDEX('Boulder Sample Log'!A$5:A$204,MATCH(A27,'Boulder Sample Log'!E$5:E$204,0)),"") -> 46114 | C27: 24 | D27: Surface | E27: 2 | F27: <LOD | G27: <LOD | H27: <LOD | I27: <LOD | J27: 417.58 | K27: 3039.23 | L27: <LOD | M27: <LOD | N27: 123.9 | O27: 4 | Q27: X501203
A28: SBM-SWRP-G12-B2 | B28: =IFERROR(INDEX('Boulder Sample Log'!A$5:A$204,MATCH(A28,'Boulder Sample Log'!E$5:E$204,0)),"") -> 46114 | C28: 25 | D28: Surface | E28: 2 | F28: 2.47 | G28: <LOD | H28: 7.41 | I28: 32270.59 | J28: 384.11 | K28: 3427.39 | L28: 52.39 | M28: 11.6 | N28: 120.7 | O28: 4 | Q28: X501203
A29: SBM-SWRP-G12-B2 | B29: =IFERROR(INDEX('Boulder Sample Log'!A$5:A$204,MATCH(A29,'Boulder Sample Log'!E$5:E$204,0)),"") -> 46114 | C29: 26 | D29: Surface | E29: 3 | F29: 164.15 | G29: <LOD | H29: 7.78 | I29: 22918.85 | J29: <LOD | K29: 22013.09 | L29: <LOD | M29: <LOD | N29: 120.6 | O29: 4 | Q29: X501203
A30: SBM-SWRP-G12-B2 | B30: =IFERROR(INDEX('Boulder Sample Log'!A$5:A$204,MATCH(A30,'Boulder Sample Log'!E$5:E$204,0)),"") -> 46114 | C30: 27 | D30: Surface | E30: 3 | F30: 174.54 | G30: <LOD | H30: 8.42 | I30: 27010.91 | J30: <LOD | K30: 25680.51 | L30: <LOD | M30: 4.76 | N30: 122.8 | O30: 4 | Q30: X501203
A31: SBM-SWRP-G12-B2 | B31: =IFERROR(INDEX('Boulder Sample Log'!A$5:A$204,MATCH(A31,'Boulder Sample Log'!E$5:E$204,0)),"") -> 46114 | C31: 28 | D31: Surface | E31: 3 | F31: 177.69 | G31: <LOD | H31: 8.95 | I31: 22545.52 | J31: <LOD | K31: 29995.67 | L31: 4.52 | M31: 5.38 | N31: 123 | O31: 4 | Q31: X501203
A32: SBM-SWRP-G12-B2 | B32: =IFERROR(INDEX('Boulder Sample Log'!A$5:A$204,MATCH(A32,'Boulder Sample Log'!E$5:E$204,0)),"") -> 46114 | C32: 29 | D32: Surface | E32: 4 | F32: <LOD | G32: <LOD | H32: 7.81 | I32: 30418.21 | J32: 350.13 | K32: 2902.59 | L32: 53.96 | M32: 7.29 | N32: 120.4 | O32: 4 | Q32: X501203
A33: SBM-SWRP-G12-B2 | B33: =IFERROR(INDEX('Boulder Sample Log'!A$5:A$204,MATCH(A33,'Boulder Sample Log'!E$5:E$204,0)),"") -> 46114 | C33: 30 | D33: Surface | E33: 4 | F33: <LOD | G33: <LOD | H33: 7.27 | I33: 29266.96 | J33: 409.95 | K33: 2207.5 | L33: 47.08 | M33: 11.35 | N33: 120.3 | O33: 4 | Q33: X501203
A34: SBM-SWRP-G12-B2 | B34: =IFERROR(INDEX('Boulder Sample Log'!A$5:A$204,MATCH(A34,'Boulder Sample Log'!E$5:E$204,0)),"") -> 46114 | C34: 31 | D34: Surface | E34: 4 | F34: 2.96 | G34: <LOD | H34: 6.17 | I34: 29373.69 | J34: 344.19 | K34: 2828.45 | L34: 52.21 | M34: 16.36 | N34: 120.7 | O34: 4 | Q34: X501203
A35: SBM-SWRP-G12-B2 | B35: =IFERROR(INDEX('Boulder Sample Log'!A$5:A$204,MATCH(A35,'Boulder Sample Log'!E$5:E$204,0)),"") -> 46114 | C35: 32 | D35: Surface | E35: 5 | F35: <LOD | G35: <LOD | H35: 6.42 | I35: 34124.82 | J35: 402.96 | K35: 4153.36 | L35: 39.7 | M35: 8.09 | N35: 120.5 | O35: 4 | Q35: X501203
A36: SBM-SWRP-G12-B2 | B36: =IFERROR(INDEX('Boulder Sample Log'!A$5:A$204,MATCH(A36,'Boulder Sample Log'!E$5:E$204,0)),"") -> 46114 | C36: 33 | D36: Surface | E36: 5 | F36: <LOD | G36: <LOD | H36: 7.17 | I36: 32161.64 | J36: 363.02 | K36: 3241.43 | L36: 34.77 | M36: 8.43 | N36: 120.2 | O36: 4 | Q36: X501203
A37: SBM-SWRP-G12-B2 | B37: =IFERROR(INDEX('Boulder Sample Log'!A$5:A$204,MATCH(A37,'Boulder Sample Log'!E$5:E$204,0)),"") -> 46114 | C37: 34 | D37: Surface | E37: 5 | F37: <LOD | G37: <LOD | H37: 8.21 | I37: 31840.16 | J37: 425.53 | K37: 4783.91 | L37: 46.3 | M37: 11.18 | N37: 120.5 | O37: 4 | Q37: X501203
A38: SBM-SWRP-G12-B2 | B38: =IFERROR(INDEX('Boulder Sample Log'!A$5:A$204,MATCH(A38,'Boulder Sample Log'!E$5:E$204,0)),"") -> 46114 | C38: 35 | D38: Powder | E38: P | F38: <LOD | G38: <LOD | H38: 5.58 | I38: 29301.25 | J38: 475.54 | K38: <LOD | L38: 34.22 | M38: 12.79 | N38: 120.5 | O38: 4 | P38: SBM-SWRP-G12-FB-PR | Q38: X501203
A39: SBM-SWRP-G12-B2 | B39: =IFERROR(INDEX('Boulder Sample Log'!A$5:A$204,MATCH(A39,'Boulder Sample Log'!E$5:E$204,0)),"") -> 46114 | C39: 36 | D39: Powder | E39: P | F39: <LOD | G39: <LOD | H39: 6.82 | I39: 30599.96 | J39: 521.63 | K39: 330.79 | L39: 36.64 | M39: <LOD | N39: 120.5 | O39: 4 | P39: SBM-SWRP-G12-FB-PR | Q39: X501203
A40: SBM-SWRP-G12-B2 | B40: =IFERROR(INDEX('Boulder Sample Log'!A$5:A$204,MATCH(A40,'Boulder Sample Log'!E$5:E$204,0)),"") -> 46114 | C40: 37 | D40: Powder | E40: P | F40: <LOD | G40: <LOD | H40: 9.82 | I40: 32295.12 | J40: 563.18 | K40: 197.4 | L40: 39 | M40: 10.5 | N40: 120.3 | O40: 4 | P40: SBM-SWRP-G12-FB-PR | Q40: X501203
A41: SBM-SWRP-G14-B1 | B41: =IFERROR(INDEX('Boulder Sample Log'!A$5:A$204,MATCH(A41,'Boulder Sample Log'!E$5:E$204,0)),"") -> 46115 | C41: 48 | D41: Surface | E41: 1 | F41: 2.75 | G41: <LOD | H41: 5.81 | I41: 29432.63 | J41: 479.76 | K41: 5904.22 | L41: 73.02 | M41: 11.16 | N41: 120.4 | O41: 4 | Q41: X501203
A42: SBM-SWRP-G14-B1 | B42: =IFERROR(INDEX('Boulder Sample Log'!A$5:A$204,MATCH(A42,'Boulder Sample Log'!E$5:E$204,0)),"") -> 46115 | C42: 49 | D42: Surface | E42: 1 | F42: <LOD | G42: <LOD | H42: 7.39 | I42: 28323.11 | J42: 393.4 | K42: 5887.61 | L42: 71.15 | M42: 10.49 | N42: 120.2 | O42: 4 | Q42: X501203
A43: SBM-SWRP-G14-B1 | B43: =IFERROR(INDEX('Boulder Sample Log'!A$5:A$204,MATCH(A43,'Boulder Sample Log'!E$5:E$204,0)),"") -> 46115 | C43: 50 | D43: Surface | E43: 1 | F43: <LOD | G43: <LOD | H43: 8.4 | I43: 24897.06 | J43: 326.13 | K43: 5287.36 | L43: 143.66 | M43: 8.7 | N43: 120.2 | O43: 4 | Q43: X501203
A44: SBM-SWRP-G14-B1 | B44: =IFERROR(INDEX('Boulder Sample Log'!A$5:A$204,MATCH(A44,'Boulder Sample Log'!E$5:E$204,0)),"") -> 46115 | C44: 51 | D44: Surface | E44: 2 | F44: 6.78 | G44: <LOD | H44: 9.87 | I44: 29912.94 | J44: 176.5 | K44: 18516.69 | L44: 20.74 | M44: 11.1 | N44: 120.7 | O44: 4 | Q44: X501203
A45: SBM-SWRP-G14-B1 | B45: =IFERROR(INDEX('Boulder Sample Log'!A$5:A$204,MATCH(A45,'Boulder Sample Log'!E$5:E$204,0)),"") -> 46115 | C45: 52 | D45: Surface | E45: 2 | F45: 3.69 | G45: <LOD | H45: 7.58 | I45: 28656.31 | J45: 306.75 | K45: 12735.64 | L45: 31.34 | M45: 10.87 | N45: 120.3 | O45: 4 | Q45: X501203
A46: SBM-SWRP-G14-B1 | B46: =IFERROR(INDEX('Boulder Sample Log'!A$5:A$204,MATCH(A46,'Boulder Sample Log'!E$5:E$204,0)),"") -> 46115 | C46: 53 | D46: Surface | E46: 2 | F46: 5.45 | G46: <LOD | H46: 10.66 | I46: 29001 | J46: 160.75 | K46: 18415.67 | L46: 19.32 | M46: 7.05 | N46: 120.3 | O46: 4 | Q46: X501203
A47: SBM-SWRP-G14-B1 | B47: =IFERROR(INDEX('Boulder Sample Log'!A$5:A$204,MATCH(A47,'Boulder Sample Log'!E$5:E$204,0)),"") -> 46115 | C47: 54 | D47: Surface | E47: 3 | F47: 5.67 | G47: <LOD | H47: 8.3 | I47: 34797.7 | J47: 647.42 | K47: 6636.67 | L47: 53.01 | M47: 15.16 | N47: 120.3 | O47: 4 | Q47: X501203
A48: SBM-SWRP-G14-B1 | B48: =IFERROR(INDEX('Boulder Sample Log'!A$5:A$204,MATCH(A48,'Boulder Sample Log'!E$5:E$204,0)),"") -> 46115 | C48: 55 | D48: Surface | E48: 3 | F48: <LOD | G48: <LOD | H48: 9.41 | I48: 35102.14 | J48: 643.73 | K48: 5813.64 | L48: 53.77 | M48: 11.3 | N48: 120.4 | O48: 4 | Q48: X501203
A49: SBM-SWRP-G14-B1 | B49: =IFERROR(INDEX('Boulder Sample Log'!A$5:A$204,MATCH(A49,'Boulder Sample Log'!E$5:E$204,0)),"") -> 46115 | C49: 56 | D49: Surface | E49: 3 | F49: 4.78 | G49: <LOD | H49: 9.61 | I49: 35225.27 | J49: 656.19 | K49: 5944.78 | L49: 56.86 | M49: 12.02 | N49: 120.5 | O49: 4 | Q49: X501203
A50: SBM-SWRP-G14-B1 | B50: =IFERROR(INDEX('Boulder Sample Log'!A$5:A$204,MATCH(A50,'Boulder Sample Log'!E$5:E$204,0)),"") -> 46115 | C50: 57 | D50: Surface | E50: 4 | F50: <LOD | G50: <LOD | H50: 9.4 | I50: 26742.59 | J50: 362.62 | K50: 6249.47 | L50: 29.07 | M50: 10.59 | N50: 120.3 | O50: 4 | Q50: X501203
A51: SBM-SWRP-G14-B1 | B51: =IFERROR(INDEX('Boulder Sample Log'!A$5:A$204,MATCH(A51,'Boulder Sample Log'!E$5:E$204,0)),"") -> 46115 | C51: 58 | D51: Surface | E51: 4 | F51: <LOD | G51: <LOD | H51: 9.7 | I51: 25637.91 | J51: 345.96 | K51: 4501.32 | L51: 28.32 | M51: 7.02 | N51: 120.3 | O51: 4 | Q51: X501203
A52: SBM-SWRP-G14-B1 | B52: =IFERROR(INDEX('Boulder Sample Log'!A$5:A$204,MATCH(A52,'Boulder Sample Log'!E$5:E$204,0)),"") -> 46115 | C52: 59 | D52: Surface | E52: 4 | F52: <LOD | G52: <LOD | H52: 8.91 | I52: 27066.75 | J52: 384.03 | K52: 4694.32 | L52: 33.86 | M52: 7.33 | N52: 120.3 | O52: 4 | Q52: X501203
A53: SBM-SWRP-G14-B1 | B53: =IFERROR(INDEX('Boulder Sample Log'!A$5:A$204,MATCH(A53,'Boulder Sample Log'!E$5:E$204,0)),"") -> 46115 | C53: 60 | D53: Surface | E53: 5 | F53: <LOD | G53: <LOD | H53: <LOD | I53: <LOD | J53: 462.79 | K53: 18306.89 | L53: <LOD | M53: <LOD | N53: 123.9 | O53: 4 | Q53: X501203
A54: SBM-SWRP-G14-B1 | B54: =IFERROR(INDEX('Boulder Sample Log'!A$5:A$204,MATCH(A54,'Boulder Sample Log'!E$5:E$204,0)),"") -> 46115 | C54: 61 | D54: Surface | E54: 5 | F54: 6.59 | G54: <LOD | H54: 11.8 | I54: 30829.34 | J54: 255.34 | K54: 6855.21 | L54: 22.93 | M54: 11.17 | N54: 120.3 | O54: 4 | Q54: X501203
A55: SBM-SWRP-G14-B1 | B55: =IFERROR(INDEX('Boulder Sample Log'!A$5:A$204,MATCH(A55,'Boulder Sample Log'!E$5:E$204,0)),"") -> 46115 | C55: 62 | D55: Surface | E55: 5 | F55: 6.92 | G55: <LOD | H55: 7.88 | I55: 32359.53 | J55: 560.89 | K55: 8414.7 | L55: 51.76 | M55: 14.23 | N55: 120.3 | O55: 4 | Q55: X501203
A56: SBM-SWRP-G14-B1 | B56: =IFERROR(INDEX('Boulder Sample Log'!A$5:A$204,MATCH(A56,'Boulder Sample Log'!E$5:E$204,0)),"") -> 46115 | C56: 78 | D56: Powder | E56: P | F56: 6.3 | G56: <LOD | H56: 10.39 | I56: 33703.43 | J56: 485.15 | K56: 3271.45 | L56: 45.99 | M56: 19.8 | N56: 122.9 | O56: 4 | P56: SBM-SWRP-G14-HB-PR | Q56: X501203
A57: SBM-SWRP-G14-B1 | B57: =IFERROR(INDEX('Boulder Sample Log'!A$5:A$204,MATCH(A57,'Boulder Sample Log'!E$5:E$204,0)),"") -> 46115 | C57: 79 | D57: Powder | E57: P | F57: <LOD | G57: <LOD | H57: 6.39 | I57: 32534.57 | J57: 508.89 | K57: 3205.73 | L57: 44.11 | M57: <LOD | N57: 120.4 | O57: 4 | P57: SBM-SWRP-G14-HB-PR | Q57: X501203
A58: SBM-SWRP-G14-B1 | B58: =IFERROR(INDEX('Boulder Sample Log'!A$5:A$204,MATCH(A58,'Boulder Sample Log'!E$5:E$204,0)),"") -> 46115 | C58: 80 | D58: Powder | E58: P | F58: <LOD | G58: <LOD | H58: 5.65 | I58: 30066.2 | J58: 456.42 | K58: 3550.94 | L58: 43.13 | M58: 6.81 | N58: 122.8 | O58: 4 | P58: SBM-SWRP-G14-HB-PR | Q58: X501203
A59: SBM-SWRP-G14-B2 | B59: =IFERROR(INDEX('Boulder Sample Log'!A$5:A$204,MATCH(A59,'Boulder Sample Log'!E$5:E$204,0)),"") -> 46115 | C59: 63 | D59: Surface | E59: 1 | F59: <LOD | G59: <LOD | H59: 7.26 | I59: 32427.06 | J59: 580.88 | K59: 5012.17 | L59: 50.58 | M59: 4.82 | N59: 120.4 | O59: 4 | Q59: X501203
A60: SBM-SWRP-G14-B2 | B60: =IFERROR(INDEX('Boulder Sample Log'!A$5:A$204,MATCH(A60,'Boulder Sample Log'!E$5:E$204,0)),"") -> 46115 | C60: 64 | D60: Surface | E60: 1 | F60: <LOD | G60: <LOD | H60: 8.11 | I60: 35274.88 | J60: 826.06 | K60: 5241.53 | L60: 51.34 | M60: 10.88 | N60: 120.5 | O60: 4 | Q60: X501203
A61: SBM-SWRP-G14-B2 | B61: =IFERROR(INDEX('Boulder Sample Log'!A$5:A$204,MATCH(A61,'Boulder Sample Log'!E$5:E$204,0)),"") -> 46115 | C61: 65 | D61: Surface | E61: 1 | F61: <LOD | G61: <LOD | H61: 7.3 | I61: 33045.04 | J61: 531.04 | K61: 4859.06 | L61: 42.44 | M61: 10.31 | N61: 120.4 | O61: 4 | Q61: X501203
A62: SBM-SWRP-G14-B2 | B62: =IFERROR(INDEX('Boulder Sample Log'!A$5:A$204,MATCH(A62,'Boulder Sample Log'!E$5:E$204,0)),"") -> 46115 | C62: 66 | D62: Surface | E62: 2 | F62: 4.96 | G62: 5.25 | H62: 9.82 | I62: 21214.08 | J62: 49.54 | K62: 12607.74 | L62: <LOD | M62: 5 | N62: 120.2 | O62: 4 | Q62: X501203
A63: SBM-SWRP-G14-B2 | B63: =IFERROR(INDEX('Boulder Sample Log'!A$5:A$204,MATCH(A63,'Boulder Sample Log'!E$5:E$204,0)),"") -> 46115 | C63: 67 | D63: Surface | E63: 2 | F63: 2.96 | G63: 1.47 | H63: 11.44 | I63: 14869.06 | J63: <LOD | K63: 13178.34 | L63: <LOD | M63: <LOD | N63: 120.5 | O63: 4 | Q63: X501203
A64: SBM-SWRP-G14-B2 | B64: =IFERROR(INDEX('Boulder Sample Log'!A$5:A$204,MATCH(A64,'Boulder Sample Log'!E$5:E$204,0)),"") -> 46115 | C64: 68 | D64: Surface | E64: 2 | F64: 11.67 | G64: 2.15 | H64: 9.39 | I64: 12119.54 | J64: 31.15 | K64: 14317.6 | L64: <LOD | M64: <LOD | N64: 120.4 | O64: 4 | Q64: X501203
A65: SBM-SWRP-G14-B2 | B65: =IFERROR(INDEX('Boulder Sample Log'!A$5:A$204,MATCH(A65,'Boulder Sample Log'!E$5:E$204,0)),"") -> 46115 | C65: 69 | D65: Surface | E65: 3 | F65: 7.96 | G65: <LOD | H65: 8.57 | I65: 35984.19 | J65: 538.43 | K65: 8238.95 | L65: 41.36 | M65: 12.39 | N65: 120.3 | O65: 4 | Q65: X501203
A66: SBM-SWRP-G14-B2 | B66: =IFERROR(INDEX('Boulder Sample Log'!A$5:A$204,MATCH(A66,'Boulder Sample Log'!E$5:E$204,0)),"") -> 46115 | C66: 70 | D66: Surface | E66: 3 | F66: 2.97 | G66: <LOD | H66: 7.76 | I66: 33677.09 | J66: 528.09 | K66: 8228.53 | L66: 52.09 | M66: 18.05 | N66: 120.6 | O66: 4 | Q66: X501203
A67: SBM-SWRP-G14-B2 | B67: =IFERROR(INDEX('Boulder Sample Log'!A$5:A$204,MATCH(A67,'Boulder Sample Log'!E$5:E$204,0)),"") -> 46115 | C67: 71 | D67: Surface | E67: 3 | F67: 6.29 | G67: <LOD | H67: 8.97 | I67: 33299.43 | J67: 533.64 | K67: 8945.52 | L67: 56.79 | M67: 16.76 | N67: 120.5 | O67: 4 | Q67: X501203
A68: SBM-SWRP-G14-B2 | B68: =IFERROR(INDEX('Boulder Sample Log'!A$5:A$204,MATCH(A68,'Boulder Sample Log'!E$5:E$204,0)),"") -> 46115 | C68: 72 | D68: Surface | E68: 4 | F68: 14.74 | G68: <LOD | H68: 7.88 | I68: 31171.42 | J68: 397.62 | K68: 11059.58 | L68: 45.67 | M68: 12.74 | N68: 120.6 | O68: 4 | Q68: X501203
A69: SBM-SWRP-G14-B2 | B69: =IFERROR(INDEX('Boulder Sample Log'!A$5:A$204,MATCH(A69,'Boulder Sample Log'!E$5:E$204,0)),"") -> 46115 | C69: 73 | D69: Surface | E69: 4 | F69: 7.76 | G69: <LOD | H69: 7.6 | I69: 31392.27 | J69: 443.9 | K69: 10906.07 | L69: 42.85 | M69: 9.59 | N69: 120.6 | O69: 4 | Q69: X501203
A70: SBM-SWRP-G14-B2 | B70: =IFERROR(INDEX('Boulder Sample Log'!A$5:A$204,MATCH(A70,'Boulder Sample Log'!E$5:E$204,0)),"") -> 46115 | C70: 74 | D70: Surface | E70: 4 | F70: 9.96 | G70: <LOD | H70: 6.97 | I70: 30628.68 | J70: 444.16 | K70: 16403.28 | L70: 41.7 | M70: 7.59 | N70: 120.5 | O70: 4 | Q70: X501203
A71: SBM-SWRP-G14-B2 | B71: =IFERROR(INDEX('Boulder Sample Log'!A$5:A$204,MATCH(A71,'Boulder Sample Log'!E$5:E$204,0)),"") -> 46115 | C71: 75 | D71: Surface | E71: 5 | F71: 9.41 | G71: 1.23 | H71: 7.03 | I71: 37396.71 | J71: 383 | K71: 15866.65 | L71: 41.94 | M71: 13.97 | N71: 120.4 | O71: 4 | Q71: X501203
A72: SBM-SWRP-G14-B2 | B72: =IFERROR(INDEX('Boulder Sample Log'!A$5:A$204,MATCH(A72,'Boulder Sample Log'!E$5:E$204,0)),"") -> 46115 | C72: 76 | D72: Surface | E72: 5 | F72: 10.42 | G72: 1.34 | H72: 10.26 | I72: 43350.23 | J72: 395.85 | K72: 18899.38 | L72: 27.74 | M72: 11.45 | N72: 120.5 | O72: 4 | Q72: X501203
A73: SBM-SWRP-G14-B2 | B73: =IFERROR(INDEX('Boulder Sample Log'!A$5:A$204,MATCH(A73,'Boulder Sample Log'!E$5:E$204,0)),"") -> 46115 | C73: 77 | D73: Surface | E73: 5 | F73: 8.45 | G73: 4.12 | H73: 11.67 | I73: 38817.08 | J73: 375.52 | K73: 18623.99 | L73: 43.11 | M73: 12.92 | N73: 120.1 | O73: 4 | Q73: X501203
A74: SBM-SWRP-G14-B2 | B74: =IFERROR(INDEX('Boulder Sample Log'!A$5:A$204,MATCH(A74,'Boulder Sample Log'!E$5:E$204,0)),"") -> 46115 | C74: 81 | D74: Powder | E74: P | F74: 4.24 | G74: <LOD | H74: 10.84 | I74: 28239.73 | J74: 401.2 | K74: 5330.89 | L74: 25.13 | M74: 10.04 | N74: 120.5 | O74: 4 | P74: SBM-SWRP-G14-FB-PR | Q74: X501203
A75: SBM-SWRP-G14-B2 | B75: =IFERROR(INDEX('Boulder Sample Log'!A$5:A$204,MATCH(A75,'Boulder Sample Log'!E$5:E$204,0)),"") -> 46115 | C75: 82 | D75: Powder | E75: P | F75: <LOD | G75: <LOD | H75: 5.43 | I75: 25834.13 | J75: 330.35 | K75: 5716.27 | L75: 24 | M75: <LOD | N75: 120.5 | O75: 4 | P75: SBM-SWRP-G14-FB-PR | Q75: X501203
A76: SBM-SWRP-G14-B2 | B76: =IFERROR(INDEX('Boulder Sample Log'!A$5:A$204,MATCH(A76,'Boulder Sample Log'!E$5:E$204,0)),"") -> 46115 | C76: 83 | D76: Powder | E76: P | F76: 3.68 | G76: <LOD | H76: 6.84 | I76: 24946.97 | J76: 286.82 | K76: 6141.05 | L76: 20.74 | M76: 7.36 | N76: 120.4 | O76: 4 | P76: SBM-SWRP-G14-FB-PR | Q76: X501203
A77: SBM-SWRP-G15-B1 | B77: =IFERROR(INDEX('Boulder Sample Log'!A$5:A$204,MATCH(A77,'Boulder Sample Log'!E$5:E$204,0)),"") -> 46115 | C77: 84 | D77: Surface | E77: 1 | F77: <LOD | G77: <LOD | H77: 7.36 | I77: 29979.21 | J77: 602.94 | K77: 1516 | L77: 37.95 | M77: 13.42 | N77: 120.1 | O77: 4 | Q77: X501203
A78: SBM-SWRP-G15-B1 | B78: =IFERROR(INDEX('Boulder Sample Log'!A$5:A$204,MATCH(A78,'Boulder Sample Log'!E$5:E$204,0)),"") -> 46115 | C78: 85 | D78: Surface | E78: 1 | F78: <LOD | G78: <LOD | H78: 7.74 | I78: 31780.63 | J78: 546.03 | K78: 1012.14 | L78: 42.36 | M78: 10.76 | N78: 122.7 | O78: 4 | Q78: X501203
A79: SBM-SWRP-G15-B1 | B79: =IFERROR(INDEX('Boulder Sample Log'!A$5:A$204,MATCH(A79,'Boulder Sample Log'!E$5:E$204,0)),"") -> 46115 | C79: 88 | D79: Surface | E79: 1 | F79: 4.03 | G79: <LOD | H79: 6.1 | I79: 32175.13 | J79: 549.04 | K79: 1051.36 | L79: 41.19 | M79: 13.67 | N79: 120.6 | O79: 4 | Q79: X501203
A80: SBM-SWRP-G15-B1 | B80: =IFERROR(INDEX('Boulder Sample Log'!A$5:A$204,MATCH(A80,'Boulder Sample Log'!E$5:E$204,0)),"") -> 46115 | C80: 89 | D80: Surface | E80: 2 | F80: <LOD | G80: <LOD | H80: 9.61 | I80: 31664.8 | J80: 562.69 | K80: 1385.18 | L80: 36.56 | M80: 9.92 | N80: 120.5 | O80: 4 | Q80: X501203
A81: SBM-SWRP-G15-B1 | B81: =IFERROR(INDEX('Boulder Sample Log'!A$5:A$204,MATCH(A81,'Boulder Sample Log'!E$5:E$204,0)),"") -> 46115 | C81: 90 | D81: Surface | E81: 2 | F81: <LOD | G81: <LOD | H81: 6.5 | I81: 30741.57 | J81: 530.77 | K81: 1229.36 | L81: 32.63 | M81: 5.69 | N81: 120.4 | O81: 4 | Q81: X501203
A82: SBM-SWRP-G15-B1 | B82: =IFERROR(INDEX('Boulder Sample Log'!A$5:A$204,MATCH(A82,'Boulder Sample Log'!E$5:E$204,0)),"") -> 46115 | C82: 91 | D82: Surface | E82: 2 | F82: <LOD | G82: <LOD | H82: 4.89 | I82: 30617.2 | J82: 519.62 | K82: 1119.66 | L82: 37.03 | M82: 11.75 | N82: 120.5 | O82: 4 | Q82: X501203
A83: SBM-SWRP-G15-B1 | B83: =IFERROR(INDEX('Boulder Sample Log'!A$5:A$204,MATCH(A83,'Boulder Sample Log'!E$5:E$204,0)),"") -> 46115 | C83: 92 | D83: Surface | E83: 3 | F83: 3.24 | G83: <LOD | H83: 8.71 | I83: 30284.34 | J83: 573.09 | K83: 1761.31 | L83: 47.15 | M83: 19.87 | N83: 120.5 | O83: 4 | Q83: X501203
A84: SBM-SWRP-G15-B1 | B84: =IFERROR(INDEX('Boulder Sample Log'!A$5:A$204,MATCH(A84,'Boulder Sample Log'!E$5:E$204,0)),"") -> 46115 | C84: 93 | D84: Surface | E84: 3 | F84: 3.06 | G84: <LOD | H84: 6.47 | I84: 30443.64 | J84: 550.89 | K84: 1987.21 | L84: 46.75 | M84: 11.47 | N84: 122.9 | O84: 4 | Q84: X501203
A85: SBM-SWRP-G15-B1 | B85: =IFERROR(INDEX('Boulder Sample Log'!A$5:A$204,MATCH(A85,'Boulder Sample Log'!E$5:E$204,0)),"") -> 46115 | C85: 94 | D85: Surface | E85: 3 | F85: <LOD | G85: <LOD | H85: 8.88 | I85: 31185.91 | J85: 785.45 | K85: 1424.76 | L85: 48.93 | M85: 8.47 | N85: 120.3 | O85: 4 | Q85: X501203
A86: SBM-SWRP-G15-B1 | B86: =IFERROR(INDEX('Boulder Sample Log'!A$5:A$204,MATCH(A86,'Boulder Sample Log'!E$5:E$204,0)),"") -> 46115 | C86: 95 | D86: Surface | E86: 4 | F86: <LOD | G86: <LOD | H86: 7.48 | I86: 31860.17 | J86: 526.5 | K86: 1439.83 | L86: 45.92 | M86: 8.6 | N86: 120.4 | O86: 4 | Q86: X501203
A87: SBM-SWRP-G15-B1 | B87: =IFERROR(INDEX('Boulder Sample Log'!A$5:A$204,MATCH(A87,'Boulder Sample Log'!E$5:E$204,0)),"") -> 46115 | C87: 96 | D87: Surface | E87: 4 | F87: <LOD | G87: <LOD | H87: 8.11 | I87: 33986.78 | J87: 526.56 | K87: 1819.47 | L87: 39.45 | M87: 17.92 | N87: 120.2 | O87: 4 | Q87: X501203
A88: SBM-SWRP-G15-B1 | B88: =IFERROR(INDEX('Boulder Sample Log'!A$5:A$204,MATCH(A88,'Boulder Sample Log'!E$5:E$204,0)),"") -> 46115 | C88: 97 | D88: Surface | E88: 4 | F88: <LOD | G88: <LOD | H88: 6.35 | I88: 29426.31 | J88: 530.33 | K88: 2074.58 | L88: 42.36 | M88: 20.14 | N88: 120.5 | O88: 4 | Q88: X501203
A89: SBM-SWRP-G15-B1 | B89: =IFERROR(INDEX('Boulder Sample Log'!A$5:A$204,MATCH(A89,'Boulder Sample Log'!E$5:E$204,0)),"") -> 46115 | C89: 98 | D89: Surface | E89: 5 | F89: <LOD | G89: <LOD | H89: 8.18 | I89: 33203.97 | J89: 629.44 | K89: 790.19 | L89: 54.27 | M89: 18.61 | N89: 120.4 | O89: 4 | Q89: X501203
A90: SBM-SWRP-G15-B1 | B90: =IFERROR(INDEX('Boulder Sample Log'!A$5:A$204,MATCH(A90,'Boulder Sample Log'!E$5:E$204,0)),"") -> 46115 | C90: 99 | D90: Surface | E90: 5 | F90: <LOD | G90: <LOD | H90: 6.87 | I90: 33979.07 | J90: 621.31 | K90: 1440.04 | L90: 59.19 | M90: 16.24 | N90: 122.9 | O90: 4 | Q90: X501203
A91: SBM-SWRP-G15-B1 | B91: =IFERROR(INDEX('Boulder Sample Log'!A$5:A$204,MATCH(A91,'Boulder Sample Log'!E$5:E$204,0)),"") -> 46115 | C91: 100 | D91: Surface | E91: 5 | F91: <LOD | G91: <LOD | H91: 7.89 | I91: 34066.94 | J91: 600.73 | K91: 872.43 | L91: 58.91 | M91: 18.99 | N91: 120.3 | O91: 4 | Q91: X501203
A92: SBM-SWRP-G15-B1 | B92: =IFERROR(INDEX('Boulder Sample Log'!A$5:A$204,MATCH(A92,'Boulder Sample Log'!E$5:E$204,0)),"") -> 46115 | C92: 116 | D92: Powder | E92: P | F92: <LOD | G92: <LOD | H92: 5.78 | I92: 24935.61 | J92: 451.63 | K92: 267.04 | L92: 32.22 | M92: <LOD | N92: 120.2 | O92: 4 | P92: SBM-SWRP-G15-HB-PR | Q92: X501203
A93: SBM-SWRP-G15-B1 | B93: =IFERROR(INDEX('Boulder Sample Log'!A$5:A$204,MATCH(A93,'Boulder Sample Log'!E$5:E$204,0)),"") -> 46115 | C93: 117 | D93: Powder | E93: P | F93: <LOD | G93: <LOD | H93: <LOD | I93: 20592.52 | J93: 352.88 | K93: 167.22 | L93: 21.23 | M93: <LOD | N93: 120.6 | O93: 4 | P93: SBM-SWRP-G15-HB-PR | Q93: X501203
A94: SBM-SWRP-G15-B1 | B94: =IFERROR(INDEX('Boulder Sample Log'!A$5:A$204,MATCH(A94,'Boulder Sample Log'!E$5:E$204,0)),"") -> 46115 | C94: 118 | D94: Powder | E94: P | F94: <LOD | G94: <LOD | H94: 3.75 | I94: 24818.81 | J94: 432.11 | K94: 247.39 | L94: 30.63 | M94: <LOD | N94: 120 | O94: 4 | P94: SBM-SWRP-G15-HB-PR | Q94: X501203
A95: SBM-SWRP-G15-B2 | B95: =IFERROR(INDEX('Boulder Sample Log'!A$5:A$204,MATCH(A95,'Boulder Sample Log'!E$5:E$204,0)),"") -> 46115 | C95: 101 | D95: Surface | E95: 1 | F95: 3.73 | G95: <LOD | H95: 5.21 | I95: 30448.62 | J95: 463.15 | K95: 10198.08 | L95: 32.97 | M95: 8.24 | N95: 120.4 | O95: 4 | Q95: X501203
A96: SBM-SWRP-G15-B2 | B96: =IFERROR(INDEX('Boulder Sample Log'!A$5:A$204,MATCH(A96,'Boulder Sample Log'!E$5:E$204,0)),"") -> 46115 | C96: 102 | D96: Surface | E96: 1 | F96: 5.99 | G96: <LOD | H96: 7.11 | I96: 30016.79 | J96: 445.37 | K96: 6293.67 | L96: 43.4 | M96: 30.04 | N96: 120.6 | O96: 4 | Q96: X501203
A97: SBM-SWRP-G15-B2 | B97: =IFERROR(INDEX('Boulder Sample Log'!A$5:A$204,MATCH(A97,'Boulder Sample Log'!E$5:E$204,0)),"") -> 46115 | C97: 103 | D97: Surface | E97: 1 | F97: 2.89 | G97: <LOD | H97: 8.16 | I97: 29577.17 | J97: 455.17 | K97: 7163.83 | L97: 48.41 | M97: 29.54 | N97: 120.3 | O97: 4 | Q97: X501203
A98: SBM-SWRP-G15-B2 | B98: =IFERROR(INDEX('Boulder Sample Log'!A$5:A$204,MATCH(A98,'Boulder Sample Log'!E$5:E$204,0)),"") -> 46115 | C98: 104 | D98: Surface | E98: 2 | F98: 9.61 | G98: <LOD | H98: 5.51 | I98: 40071.07 | J98: 877.87 | K98: 2631.17 | L98: 47.74 | M98: 11.17 | N98: 120.3 | O98: 4 | Q98: X501203
A99: SBM-SWRP-G15-B2 | B99: =IFERROR(INDEX('Boulder Sample Log'!A$5:A$204,MATCH(A99,'Boulder Sample Log'!E$5:E$204,0)),"") -> 46115 | C99: 105 | D99: Surface | E99: 2 | F99: 5.28 | G99: <LOD | H99: 5.75 | I99: 39061.34 | J99: 846 | K99: 2527.9 | L99: 40.47 | M99: 7.49 | N99: 120.4 | O99: 4 | Q99: X501203
A100: SBM-SWRP-G15-B2 | B100: =IFERROR(INDEX('Boulder Sample Log'!A$5:A$204,MATCH(A100,'Boulder Sample Log'!E$5:E$204,0)),"") -> 46115 | C100: 106 | D100: Surface | E100: 2 | F100: 8.45 | G100: <LOD | H100: 7.83 | I100: 38764.43 | J100: 844.57 | K100: 2418.69 | L100: 45.08 | M100: 11.6 | N100: 120.3 | O100: 4 | Q100: X501203
...

Sheet Lab Samples
A1: Powder / Lab Sample Chain of Custody & Results
A2: Pick Powder Sample ID → Parent info auto-fills
A3: Sample Info | H3: Shipping / Laboratory | L3: Lab Results
A4: Powder Sample ID | B4: Parent Boulder ID (auto) | C4: Area (auto) | D4: Grid (auto) | E4: Date Collected (auto) | F4: Time Collected | G4: Sample Type | H4: Date Shipped | I4: Lab Name | J4: COC / Lab ID | K4: Date Results Received | L4: Lab Hg (ppm) | M4: Lab As (ppm) | N4: Lab Pb (ppm) | O4: Notes
A5: SBM-SWRP-RP-G12-ICP-HB | B5: SBM-SWRP-G12-B1 | C5: SWRP | D5: 12 | G5: Powder | O5: Prior campaign
A6: SBM-SWRP-RP-G12-ICP-FB | B6: SBM-SWRP-G12-B1 | C6: SWRP | D6: 12 | G6: Powder | O6: Prior campaign
A7: SBM-SWRP-RP-G14-ICP-HB | B7: SBM-SWRP-G14-B1 | C7: SWRP | D7: 14 | G7: Powder | O7: Prior campaign
A8: SBM-SWRP-RP-G14-ICP-FB | B8: SBM-SWRP-G14-B1 | C8: SWRP | D8: 14 | G8: Powder | O8: Prior campaign
A9: SBM-SWRP-RP-G15-ICP-HB | B9: SBM-SWRP-G15-B1 | C9: SWRP | D9: 15 | G9: Powder | O9: Prior campaign
A10: SBM-SWRP-RP-G15-ICP-FB | B10: SBM-SWRP-G15-B1 | C10: SWRP | D10: 15 | G10: Powder | O10: Prior campaign
A11: SBM-SWRP-RP-G15-ICP-FB-FD | B11: SBM-SWRP-G15-B1 | C11: SWRP | D11: 15 | G11: FD | O11: FD of SWRP-G15-FB
A12: SBM-SWRP-RP-G15-ICP-HB-MS | B12: SBM-SWRP-G15-B1 | C12: SWRP | D12: 15 | G12: MS | O12: MS of SWRP-G15-HB
A13: SBM-SWRP-RP-G15-ICP-HB-MSD | B13: SBM-SWRP-G15-B1 | C13: SWRP | D13: 15 | G13: MSD | O13: MSD of SWRP-G15-HB
A14: SBM-SWRP-RP-G13-ICP-HB | B14: SBM-SWRP-G13-B1 | C14: SWRP | D14: 13 | G14: Powder | O14: Prior campaign
A15: SBM-EB076 | F15: 0.66666667 | G15: EB | O15: EB for prior SWRP campaign powders
A16: SBM-WWRP-RP-G02-ICP-FB | B16: SBM-WWRP-G02-B2 | C16: WWRP | D16: 2 | E16: 46148 | F16: 0.44791667 | G16: Powder
A17: SBM-WWRP-RP-G02-ICP-FB-MS | B17: SBM-WWRP-G02-B2 | C17: WWRP | D17: 2 | E17: 46148 | F17: 0.44791667 | G17: MS | O17: MS of WWRP-G02-FB
A18: SBM-WWRP-RP-G02-ICP-FB-MSD | B18: SBM-WWRP-G02-B2 | C18: WWRP | D18: 2 | E18: 46148 | F18: 0.44791667 | G18: MSD | O18: MSD of WWRP-G02-FB
A19: SBM-DRA-RP-G13-ICP-FB | B19: SBM-DRA-G13-B2 | C19: DRA | D19: 13 | E19: 46148 | F19: 0.41388889 | G19: Powder
A20: SBM-DRA-RP-G13-ICP-FB-FD | B20: SBM-DRA-G13-B2 | C20: DRA | D20: 13 | E20: 46148 | F20: 0.41736111 | G20: FD | O20: FD of DRA-G13-FB
A21: SBM-WRD-RP-G05-ICP-FB | B21: SBM-WRD-G05-B2 | C21: WRD | D21: 5 | E21: 46148 | F21: 0.49027778 | G21: Powder
A22: SBM-WRD-RP-G05-ICP-FB-FD | B22: SBM-WRD-G05-B2 | C22: WRD | D22: 5 | E22: 46148 | F22: 0.49375 | G22: FD | O22: FD of WRD-G05-FB
A23: SBM-WRD-RP-G14-ICP-HB | B23: SBM-WRD-G14-B1 | C23: WRD | D23: 14 | E23: 46148 | F23: 0.47708333 | G23: Powder
A24: SBM-WRD-RP-G14-ICP-HB-MS | B24: SBM-WRD-G14-B1 | C24: WRD | D24: 14 | E24: 46148 | F24: 0.47708333 | G24: MS | O24: MS of WRD-G14-HB
A25: SBM-WRD-RP-G14-ICP-HB-MSD | B25: SBM-WRD-G14-B1 | C25: WRD | D25: 14 | E25: 46148 | F25: 0.47708333 | G25: MSD | O25: MSD of WRD-G14-HB
A26: SBM-WWRP-RP-G07-ICP-HB | B26: SBM-WWRP-G07-B1 | C26: WWRP | D26: 7 | E26: 46148 | F26: 0.42708333 | G26: Powder
A27: SBM-WWRP-RP-G07-ICP-HB-FD | B27: SBM-WWRP-G07-B1 | C27: WWRP | D27: 7 | E27: 46148 | F27: 0.43055556 | G27: FD | O27: FD of WWRP-G07-HB
A28: SBM-NWRP-RP-G12-ICP-FB | B28: SBM-NWRP-G12-B2 | C28: NWRP | D28: 12 | E28: 46148 | F28: 0.38819444 | G28: Powder
A29: SBM-NWRP-RP-G12-ICP-FB-FD | B29: SBM-NWRP-G12-B2 | C29: NWRP | D29: 12 | E29: 46148 | F29: 0.39166667 | G29: FD | O29: FD of NWRP-G12-FB
A30: SBM-NWP-RP-G14-ICP-HB | B30: SBM-NWP-G14-B1 | C30: NWP | D30: 14 | E30: 46149 | G30: Powder
A31: SBM-NWP-RP-G14-ICP-HB-FD | B31: SBM-NWP-G14-B1 | C31: NWP | D31: 14 | E31: 46149 | G31: FD | O31: FD of NWP-G14-HB
A32: SBM-NWP-RP-G12-ICP-HB | B32: SBM-NWP-G12-B1 | C32: NWP | D32: 12 | E32: 46149 | G32: Powder
A33: SBM-NWP-RP-G12-ICP-HB-FD | B33: SBM-NWP-G12-B1 | C33: NWP | D33: 12 | E33: 46149 | G33: FD | O33: FD of NWP-G12-HB
A34: SBM-NWP-RP-G13-ICP-HB | B34: SBM-NWP-G13-B1 | C34: NWP | D34: 13 | E34: 46149 | G34: Powder
A35: SBM-NWP-RP-G13-ICP-HB-MS | B35: SBM-NWP-G13-B1 | C35: NWP | D35: 13 | E35: 46149 | G35: MS | O35: MS of NWP-G13-HB
A36: SBM-NWP-RP-G13-ICP-HB-MSD | B36: SBM-NWP-G13-B1 | C36: NWP | D36: 13 | E36: 46149 | G36: MSD | O36: MSD of NWP-G13-HB
A37: SBM-NWP-RP-G08-ICP-HB | B37: SBM-NWP-G08-B1 | C37: NWP | D37: 8 | E37: 46149 | G37: Powder
A38: SBM-NWWRP-RP-G07-ICP-HB | B38: SBM-NWWRP-G07-B1 | C38: NWWRP | D38: 7 | E38: 46149 | G38: Powder
A39: SBM-NWWRP-RP-G07-ICP-HB-FD | B39: SBM-NWWRP-G07-B1 | C39: NWWRP | D39: 7 | E39: 46149 | G39: FD | O39: FD of NWWRP-G07-HB
A40: SBM-EB080 | E40: 46149 | F40: 0.66666667 | G40: EB | O40: EB for 5/7 powders: NWP-G14, G12, G13 (incl MS/MSD), G08, NWWRP-G07
A41: SBM-DRA-RP-G01-ICP-HB | B41: SBM-DRA-G01-B1 | C41: DRA | D41: 1 | E41: 46150 | G41: Powder
A42: SBM-DRA-RP-G01-ICP-HB-FD | B42: SBM-DRA-G01-B1 | C42: DRA | D42: 1 | E42: 46150 | G42: FD | O42: FD of DRA-G01-HB
A43: SBM-DRA-RP-G10-ICP-FB | B43: SBM-DRA-G10-B1 | C43: DRA | D43: 10 | E43: 46150 | G43: Powder
A44: SBM-DRA-RP-G10-ICP-FB-MS | B44: SBM-DRA-G10-B1 | C44: DRA | D44: 10 | E44: 46150 | G44: MS | O44: MS of DRA-G10-FB
A45: SBM-DRA-RP-G10-ICP-FB-MSD | B45: SBM-DRA-G10-B1 | C45: DRA | D45: 10 | E45: 46150 | G45: MSD | O45: MSD of DRA-G10-FB
A46: SBM-SWRP-RP-G08-ICP-FB | B46: SBM-SWRP-G08-B2 | C46: SWRP | D46: 8 | E46: 46150 | G46: Powder
A47: SBM-SWRP-RP-G08-ICP-FB-FD | B47: SBM-SWRP-G08-B2 | C47: SWRP | D47: 8 | E47: 46150 | G47: FD | O47: FD of SWRP-G08-FB
A48: SBM-EB081 | E48: 46150 | F48: 0.66666667 | G48: EB | O48: EB for 5/8 powders: DRA-G01, DRA-G10 (incl MS/MSD), SWRP-G08

Sheet Daily Verification
A1: Daily XRF Verification Log — IARM 35NN CRM
A2: Record AM & PM system check results against certified reference values
A3: Check Info | E3: Measured Values (compare to IARM 35NN cert) | K3: Result
A4: Date | B4: Time (AM/PM) | C4: Operator | D4: XRF Rdg # | E4: Measured Fe (%) | F4: Measured Cr (ppm) | G4: Measured Mo (ppm) | H4: Measured Mn (ppm) | I4: Measured Cu (ppm) | J4: Measured Ni (ppm) | K4: Pass / Fail | L4: Notes | M4: XRF S/N
A5: CERTIFIED VALUES → | E5: Fe: 97.22% | F5: Cr: 10860 | G5: Mo: 4780 | H5: Mn: 3310 | I5: Cu: 1740 | J5: Ni: 1250 | K5: ±20% RPD | M5: X501203
A6: 46114 | B6: AM | C6: Mo Sharif | D6: 1 | E6: 86.18 | F6: 8990.1 | G6: 4313.8 | H6: 2921.7 | I6: 1671.1 | J6: 1281.5 | K6: Pass | M6: X501203
A7: 46114 | B7: PM | C7: Mo Sharif | D7: 38 | E7: 85.18 | F7: 9330.3 | G7: 4224.1 | H7: 2868.6 | I7: 1672.8 | J7: 1428.7 | K7: Pass | M7: X501203
A8: 46115 | B8: AM | C8: Mo Sharif | D8: 47 | E8: 85.72 | F8: 8860.6 | G8: 4117.3 | H8: 2875.3 | I8: 1653.3 | J8: 1431.8 | K8: Pass | L8: 30s quick check | M8: X501203
A9: 46115 | B9: PM | C9: Mo Sharif | D9: 122 | E9: 87.01 | F9: 8988.6 | G9: 4211.3 | H9: 2789.6 | I9: 1666.4 | J9: 1351.7 | K9: Pass | M9: X501203
A10: 46118 | B10: AM | C10: Mo Sharif | D10: 127 | E10: 86.23 | F10: 8750.2 | G10: 4199.2 | H10: 2831.9 | I10: 1662 | J10: 1728.7 | K10: Pass | L10: 30s reading | M10: X501203
A11: 46118 | B11: PM | C11: Mo Sharif | D11: 207 | E11: 83.5 | F11: 8416 | G11: 1583 | H11: 1906 | I11: 1613 | J11: 3050 | K11: Pass | L11: 30s reading; Rdg 207 from field form | M11: X501203
A12: 46119 | B12: AM | C12: Mo Sharif | D12: 218 | E12: 86.08 | F12: 8774 | G12: 4155 | H12: 2805 | I12: 1688 | J12: 1478 | K12: Pass | M12: X501203
A13: 46119 | B13: PM | C13: Mo Sharif | D13: 297 | E13: 86.3 | F13: 8806 | G13: 4211 | H13: 2810 | I13: 1697 | J13: 1678 | K13: Pass | M13: X501203
A14: 46120 | B14: AM | C14: Mo Sharif | D14: 307 | E14: 86.61 | F14: 8778 | G14: 4248 | H14: 2777 | I14: 1742 | J14: 1343 | K14: Pass | M14: X501203
A15: 46120 | B15: PM | C15: Mo Sharif | D15: 389 | E15: 86.48 | F15: 8897 | G15: 4207 | H15: 2740 | I15: 1756 | J15: 1092 | K15: Pass | M15: X501203
A16: 46121 | B16: AM | C16: Mo Sharif | D16: 400 | E16: 86.12 | F16: 8770 | G16: 4213 | H16: 2773 | I16: 1679 | J16: 1366 | K16: Pass | M16: X501203
A17: 46121 | B17: PM | C17: Mo Sharif | D17: 465 | E17: 84.67 | F17: 9059 | G17: 3947 | H17: 2743 | I17: 1695 | J17: 1195 | K17: Pass | M17: X501203
A18: 46125 | B18: AM | C18: Mo Sharif | D18: 497 | E18: 86.59 | F18: 8774 | G18: 4169 | H18: 2761 | I18: 1708 | J18: 1386 | K18: Pass | M18: X501203
A19: 46125 | B19: PM | C19: Mo Sharif | D19: 580 | E19: 87.2 | F19: 8894 | G19: 4251 | H19: 2773 | I19: 1724 | J19: 1450 | K19: Pass | M19: X501203
A20: 46126 | B20: AM | C20: Michelle Gill | D20: 585 | E20: 86.98 | F20: 8766 | G20: 4267 | H20: 2903 | I20: 1620 | J20: 1300 | K20: Pass | M20: X501203
A21: 46126 | B21: PM | C21: Michelle Gill | D21: 666 | E21: 87.48 | F21: 8765 | G21: 4273 | H21: 2878 | I21: 1703 | J21: 1088 | K21: Pass | M21: X501203
A22: 46127 | B22: AM | C22: Mo Sharif | D22: 669 | E22: 86.21 | F22: 8736.1 | G22: 4166.9 | H22: 2746.1 | I22: 1659.2 | J22: 1217.1 | K22: Pass | M22: X501203
A23: 46127 | B23: PM | C23: Mo Sharif | D23: 732 | E23: 87.19 | F23: 8855.2 | G23: 4248.2 | H23: 2891.7 | I23: 1725.7 | J23: 1033.3 | K23: Pass | M23: X501203
... A50: 46143 | B50: AM | C50: M. Gil + T. Thomas | D50: 354 | E50: 86.7 | F50: 9699.3 | G50: 4728.17 | H50: 3884.07 | I50: 1196 | J50: 475.98 | K50: Pass | M50: X500456
A51: 46143 | B51: PM | C51: M. Gil + T. Thomas | D51: 435 | E51: 88.36 | F51: 9752.51 | G51: 5015.09 | H51: 3970.2 | I51: 1272.41 | J51: 587.82 | K51: Pass | L51: Rdg 434 was through-bag attempt; discarded. 435 is the redo out-of-bag. | M51: X500456
A52: 46146 | B52: AM | C52: M. Gil | D52: 438 | E52: 89.47 | F52: 9745.61 | G52: 5155.67 | H52: 3897.09 | I52: 1276.15 | J52: 487.19 | K52: Pass | L52: Ni low (within ±20% RPD) | M52: X500456
A53: 46146 | B53: PM | C53: M. Gil | D53: 488 | E53: 87.19 | F53: 9944.72 | G53: 4674.83 | H53: 3749.39 | I53: 1141.18 | J53: 514.9 | K53: Pass | L53: Ni low (within ±20% RPD) | M53: X500456
A54: 46147 | B54: AM | C54: M. Gil | D54: 491 | E54: 87.55 | F54: 9646.09 | G54: 4968.34 | H54: 3986.52 | I54: 1220.29 | J54: 711.61 | K54: Pass | M54: X500456
A55: 46147 | B55: PM | C55: M. Gil | D55: 548 | E55: 87.83 | F55: 9591.91 | G55: 4980.67 | H55: 3984.91 | I55: 1223.12 | J55: 438.12 | K55: Pass | L55: Ni low (within ±20% RPD) | M55: X500456
A56: 46147 | B56: AM | C56: A. Lineberger | D56: 1548 | E56: 86.65 | F56: 8826.18 | G56: 4178.26 | H56: 2869.14 | I56: 1662.8 | J56: 1158.83 | K56: Pass | M56: X501203
A57: 46147 | B57: PM | C57: A. Lineberger | D57: 1567 | E57: 85.41 | F57: 8757.3 | G57: 4124.28 | H57: 2815.16 | I57: 1631.92 | J57: 1069.52 | K57: Pass | M57: X501203
A58: 46148 | B58: AM | C58: A. Lineberger | D58: 551 | E58: 89.29 | F58: 9746.71 | G58: 5115.28 | H58: 3972.87 | I58: 1289.41 | J58: 496.99 | K58: Pass | L58: Powder XRF day (Aerial) | M58: X500456
A59: 46148 | B59: PM | C59: A. Lineberger | D59: 574 | E59: 88.48 | F59: 9625.75 | G59: 4972.81 | H59: 3829.61 | I59: 1306.78 | J59: 445.52 | K59: Pass | M59: X500456
A60: 46148 | B60: AM | C60: C. Mochrie | D60: 1570 | E60: 86.72 | F60: 8701.54 | G60: 4188.04 | H60: 2892.78 | I60: 1691.95 | J60: 1297.87 | K60: Pass | L60: Mine Building XRF (Christian + Michelle) | M60: X501203
A61: 46148 | B61: PM | C61: C. Mochrie | D61: 1632 | E61: 87.68 | F61: 8847.73 | G61: 4290.52 | H61: 2715.51 | I61: 1772.38 | J61: 1117.13 | K61: Pass | M61: X501203
A62: 46149 | B62: AM | C62: A. Lineberger | D62: 1635 | E62: 87.72 | F62: 8751.72 | G62: 4284.93 | H62: 2895.33 | I62: 1669.96 | J62: 1364.71 | K62: Pass | L62: WRD shoreline depth XRF day (gun clock off — actual 5/7) | M62: X501203
A63: 46149 | B63: PM | C63: A. Lineberger | D63: 1723 | E63: 86.11 | F63: 8854.15 | G63: 4156.74 | H63: 2730.09 | I63: 1659.16 | J63: 1223.69 | K63: Pass | M63: X501203
A64: 46149 | B64: AM | C64: M. Gil | D64: 577 | E64: 89.22 | F64: 9732.34 | G64: 5119.97 | H64: 3816.04 | I64: 1323.98 | J64: 633.85 | K64: Pass | L64: WRD shoreline depth XRF day | M64: X500456
A65: 46149 | B65: PM | C65: M. Gil | D65: 659 | E65: 88.84 | F65: 9627.95 | G65: 5047.57 | H65: 3959.01 | I65: 1289.49 | J65: 420.76 | K65: Pass | M65: X500456
A66: 46150 | B66: AM | C66: A. Lineberger | D66: 1728 | E66: 85.07 | F66: 9309.46 | G66: 4128.1 | H66: 2802.68 | I66: 1707.2 | J66: 1609.14 | K66: Pass | L66: Final field day; gun clock off (~14.5 hr behind real) | M66: X501203
A67: 46150 | B67: PM | C67: A. Lineberger | D67: 1868 | E67: 86.34 | F67: 8860.48 | G67: 4246.49 | H67: 2889.57 | I67: 1718.53 | J67: 1274.8 | K67: Pass | M67: X501203
A68: 46150 | B68: AM | C68: M. Gil | D68: 663 | E68: 88.34 | F68: 9527.69 | G68: 5003.72 | H68: 3992.31 | I68: 1233.62 | J68: 526.99 | K68: Pass | L68: Final field day; depth XRF + powder XRF | M68: X500456
A69: 46150 | B69: PM | C69: M. Gil | D69: 805 | E69: 88.15 | F69: 9576.54 | G69: 4965.76 | H69: 4024.99 | I69: 1317.69 | J69: 433.42 | K69: Pass | M69: X500456

Sheet Daily Field Log
A1: Daily Field Activity Log
A2: Enter Date → Boulder count, XRF readings, and Powder count auto-calculate from Boulder Sample Log
A3: Date | B3: Weather | C3: Area(s) Worked | D3: # Boulders (auto) | E3: # XRF Rdgs (auto) | F3: # Powder (auto) | G3: Equipment Issues | H3: NCD Files Uploaded | I3: Verification Pass? | J3: Notes / Summary
A4: 46114 | B4: Sunny, 70°F | C4: SWRP | D4: =IF(A4="","",COUNTIF('Boulder Sample Log'!A$5:A$204,A4)) -> 2 | E4: =IF(A4="","",SUMIF('Boulder Sample Log'!A$5:A$204,A4,'Boulder Sample Log'!P$5:P$204)) -> 36 | F4: =IF(A4="","",COUNTIFS('Boulder Sample Log'!A$5:A$204,A4,'Boulder Sample Log'!S$5:S$204,"Y")) -> 2 | G4: None | H4: Y | I4: Pass | J4: Day 1 main campaign; G12 sampled; 2 boulders; 1 EB
A5: 46115 | B5: Sunny, 70°F | C5: SWRP | D5: =IF(A5="","",COUNTIF('Boulder Sample Log'!A$5:A$204,A5)) -> 4 | E5: =IF(A5="","",SUMIF('Boulder Sample Log'!A$5:A$204,A5,'Boulder Sample Log'!P$5:P$204)) -> 74 | F5: =IF(A5="","",COUNTIFS('Boulder Sample Log'!A$5:A$204,A5,'Boulder Sample Log'!S$5:S$204,"Y")) -> 4 | G5: Aborted rdg 86-87 on G15 B1 | H5: Y | I5: Pass | J5: G14 + G15 sampled; 4 boulders; PD collected G15 B2
A6: 46118 | B6: Sunny, Clear, 79F | C6: SWRP, WWRP | D6: =IF(A6="","",COUNTIF('Boulder Sample Log'!A$5:A$204,A6)) -> 5 | E6: =IF(A6="","",SUMIF('Boulder Sample Log'!A$5:A$204,A6,'Boulder Sample Log'!P$5:P$204)) -> 78 | F6: =IF(A6="","",COUNTIFS('Boulder Sample Log'!A$5:A$204,A6,'Boulder Sample Log'!S$5:S$204,"Y")) -> 0 | G6: Rdg 158 abort; Rdg 201 <LOD; Rdg 192 short | H6: Y | I6: Pass | J6: G13+G10(H only)+WWRP G7; 5 boulders; no powder per John; Rdg 157 dup, 158 abort, 192 trigger mishap
A7: 46119 | B7: Sunny, Clear, 75F | C7: SWRP | D7: =IF(A7="","",COUNTIF('Boulder Sample Log'!A$5:A$204,A7)) -> 5 | E7: =IF(A7="","",SUMIF('Boulder Sample Log'!A$5:A$204,A7,'Boulder Sample Log'!P$5:P$204)) -> 78 | F7: =IF(A7="","",COUNTIFS('Boulder Sample Log'!A$5:A$204,A7,'Boulder Sample Log'!S$5:S$204,"Y")) -> 0 | G7: Rdg 262 trigger mishap (G11 B1); Rdg 295 trigger mishap (G04 B2); Rdg 246 kept (94.1s near-complete) | H7: Y | I7: Pass | J7: G10(F)+G11(H+F)+G04(H+F); 5 boulders; no powder; G04 B1 GPS from Rdg 277
A8: 46120 | B8: Sunny Clear to Overcast, 78F | C8: WWRP | D8: =IF(A8="","",COUNTIF('Boulder Sample Log'!A$5:A$204,A8)) -> 5 | E8: =IF(A8="","",SUMIF('Boulder Sample Log'!A$5:A$204,A8,'Boulder Sample Log'!P$5:P$204)) -> 96 | F8: =IF(A8="","",COUNTIFS('Boulder Sample Log'!A$5:A$204,A8,'Boulder Sample Log'!S$5:S$204,"Y")) -> 0 | G8: Rdg 318 (55s), 343 (1.8s), 353 (60s), 358 (discarded stray), 384 (52s), 385 (6.6s); rain break during G9 | H8: Y | I8: Pass | J8: G14(H)+G15(H+F)+G9(H)+G13(H); 5 boulders; no powder; G9 rain break; G13/G14/G9 only 1 boulder located; Nolen Brown assisted G13
A9: 46121 | B9: Overcast 56F to Sunny Clear 75F | C9: SWRP | D9: =IF(A9="","",COUNTIF('Boulder Sample Log'!A$5:A$204,A9)) -> 5 | E9: =IF(A9="","",SUMIF('Boulder Sample Log'!A$5:A$204,A9,'Boulder Sample Log'!P$5:P$204)) -> 64 | F9: =IF(A9="","",COUNTIFS('Boulder Sample Log'!A$5:A$204,A9,'Boulder Sample Log'!S$5:S$204,"Y")) -> 0 | G9: Rdg 449 (sulphur rock), 451 (90.4s), 452 (1.8s), 461 (no contact/Fe<LOD) | H9: Y | I9: Pass | J9: G07(H+F)+G01(H+F)+G05(H); 5 boulders; no powder; protocol switch 5x3->5x2 per Bartos for low readings; G5 only 1 boulder
A10: 46125 | B10: Sunny Clear, 78F | C10: SWRP + WWRP | D10: =IF(A10="","",COUNTIF('Boulder Sample Log'!A$5:A$204,A10)) -> 7 | E10: =IF(A10="","",SUMIF('Boulder Sample Log'!A$5:A$204,A10,'Boulder Sample Log'!P$5:P$204)) -> 80 | F10: =IF(A10="","",COUNTIFS('Boulder Sample Log'!A$5:A$204,A10,'Boulder Sample Log'!S$5:S$204,"Y")) -> 0 | G10: Rdg 512+516+518 (G2 mishaps), 546 (G3 pre-range), 551 (G3 discarded), 579 (ore rock curiosity shot) | H10: Y | I10: Pass | J10: G09(H)+G02(H)+G08(H+F)+G03(H+F)+G06(H); 7 boulders; 5 grids; no powder; mixed 5x2/5x3 protocol; Michelle Gill ran SWRP, Mo ran WWRP; TP58 boulders at G03; ore rock curiosity shot near G06
A11: 46126 | B11: Cloudy, 50F | C11: WWRP + WRD | D11: =IF(A11="","",COUNTIF('Boulder Sample Log'!A$5:A$204,A11)) -> 7 | E11: =IF(A11="","",SUMIF('Boulder Sample Log'!A$5:A$204,A11,'Boulder Sample Log'!P$5:P$204)) -> 79 | F11: =IF(A11="","",COUNTIFS('Boulder Sample Log'!A$5:A$204,A11,'Boulder Sample Log'!S$5:S$204,"Y")) -> 0 | G11: Rdg 655+665 trigger mishaps; Rdg 662 discarded (104.84s) | H11: Y | I11: Pass | J11: G4(H)+G6(H,H)+G2(F)+G5(H)+G15(H,F); 7 boulders; WWRP effectively complete (G8/G12 inaccessible overgrowth, G10/G11 no surface boulders); WRD started at G15; Michelle Gill operator; G2 B2 F = campaign record Hg (avg 3,702 ppm, single reading 23,796 ppm); 623/645/664 Fe=0 flagged
A12: 46127 | B12: Sunny, clear, 65°F | C12: WRD G14, G13, G11, G10 | D12: =IF(A12="","",COUNTIF('Boulder Sample Log'!A$5:A$204,A12)) -> 6 | E12: =IF(A12="","",SUMIF('Boulder Sample Log'!A$5:A$204,A12,'Boulder Sample Log'!P$5:P$204)) -> 62 | F12: =IF(A12="","",COUNTIFS('Boulder Sample Log'!A$5:A$204,A12,'Boulder Sample Log'!S$5:S$204,"Y")) -> 0 | G12: None | H12: Y | I12: Y | J12: Rdg 730 discarded (Fe<LOD); 1 trigger mishap; 6 boulders across 4 grids
A13: 46128 | B13: Sunny, clear, high wind/gusty, 55-57°F | C13: WRD G10, G12, G9, G8, G7, G6 | D13: =IF(A13="","",COUNTIF('Boulder Sample Log'!A$5:A$204,A13)) -> 10 | E13: =IF(A13="","",SUMIF('Boulder Sample Log'!A$5:A$204,A13,'Boulder Sample Log'!P$5:P$204)) -> 111 | F13: =IF(A13="","",COUNTIFS('Boulder Sample Log'!A$5:A$204,A13,'Boulder Sample Log'!S$5:S$204,"Y")) -> 0 | G13: None | H13: Y | I13: Y | J13: 4 trigger mishaps (748,807,829,840); Rdg 746+834 discarded (Fe<LOD); Rdg 777 Fe<LOD flagged; Hot boulders: G7-B2(F), G8-B2(F), G6-B1(H)
A14: 46129 | B14: Sunny, clear, 65°F | C14: WRD G6, G5, G4, G3, G2 | D14: =IF(A14="","",COUNTIF('Boulder Sample Log'!A$5:A$204,A14)) -> 9 | E14: =IF(A14="","",SUMIF('Boulder Sample Log'!A$5:A$204,A14,'Boulder Sample Log'!P$5:P$204)) -> 99 | F14: =IF(A14="","",COUNTIFS('Boulder Sample Log'!A$5:A$204,A14,'Boulder Sample Log'!S$5:S$204,"Y")) -> 0 | G14: None | H14: Y | I14: Y | J14: Rdg 883, 908, 909, 942 trigger mishaps; Rdg 952 discarded (Fe<LOD, retake at Rdg 955); 9 boulders across 5 grids; Hot: G5-B2(F) Hg 76 ppm avg
A15: 46130 | B15: Sunny, clear, 60°F | C15: WRD G1; DRA G1, G2, G5 | D15: =IF(A15="","",COUNTIF('Boulder Sample Log'!A$5:A$204,A15)) -> 7 | E15: =IF(A15="","",SUMIF('Boulder Sample Log'!A$5:A$204,A15,'Boulder Sample Log'!P$5:P$204)) -> 75 | F15: =IF(A15="","",COUNTIFS('Boulder Sample Log'!A$5:A$204,A15,'Boulder Sample Log'!S$5:S$204,"Y")) -> 0 | G15: None | H15: Y | I15: Y | J15: Rdg 984 discarded (Fe<LOD; retake 985); Rdg 1027 discarded (Fe<LOD; retake 1028); 7 boulders; started DRA (G1, G2, G5); Hot: DRA-G1-B1(H) Hg 111 avg; DRA-G1-B2(F) Hg 47 avg; H2S at DRA pile — Adam relocated to NWRP
... A26: 46150 | B26: Sunny, clear, ~75-80°F | C26: WRD shoreline (depth XRF) + DRA + SWRP (powder collection) + on-site powder XRF | D26: =IF(A26="","",COUNTIF('Boulder Sample Log'!A$5:A$204,A26)) -> 0 | E26: =IF(A26="","",SUMIF('Boulder Sample Log'!A$5:A$204,A26,'Boulder Sample Log'!P$5:P$204)) -> 0 | F26: =IF(A26="","",COUNTIFS('Boulder Sample Log'!A$5:A$204,A26,'Boulder Sample Log'!S$5:S$204,"Y")) -> 0 | G26: X501203 gun clock drift (~14.5 hr behind real); discards captured (1740, 1763, 1783, 1800, 1804, 1814, 1820, 1842, 1851, 729, 788) in field forms | H26: 2 depth NCDs + 1 powder NCD + 2 system check NCDs | I26: Pass (both guns AM+PM) | J26: Day 24 (FINAL). Field team Michelle + Ariel wrapped WRD shoreline depth XRF — 13 boulders profiled across G6-G12 (G7 FB-B2, G8 FB-B2 + HB-B1, G9 HB-B1, G10 HB-B1 + HB-B2, G6 HB-B1 + FB-B2, G11 HB-B1 + HB-B2, G12 HB-B1 + HB-B2). Mo collected final 3 boulder powders (DRA-G01, DRA-G10, SWRP-G08). Powder XRF run on all 14 primary boulder parents (rdgs 756-783, X500456 Mining mode). ERRG demobed: skid steer decon AM, then offsite. Christian + Tyler hauled aggregate to second connex. XRF data collection now complete.
D27: =IF(A27="","",COUNTIF('Boulder Sample Log'!A$5:A$204,A27)) | E27: =IF(A27="","",SUMIF('Boulder Sample Log'!A$5:A$204,A27,'Boulder Sample Log'!P$5:P$204)) | F27: =IF(A27="","",COUNTIFS('Boulder Sample Log'!A$5:A$204,A27,'Boulder Sample Log'!S$5:S$204,"Y"))
D28: =IF(A28="","",COUNTIF('Boulder Sample Log'!A$5:A$204,A28)) | E28: =IF(A28="","",SUMIF('Boulder Sample Log'!A$5:A$204,A28,'Boulder Sample Log'!P$5:P$204)) | F28: =IF(A28="","",COUNTIFS('Boulder Sample Log'!A$5:A$204,A28,'Boulder Sample Log'!S$5:S$204,"Y"))
D29: =IF(A29="","",COUNTIF('Boulder Sample Log'!A$5:A$204,A29)) | E29: =IF(A29="","",SUMIF('Boulder Sample Log'!A$5:A$204,A29,'Boulder Sample Log'!P$5:P$204)) | F29: =IF(A29="","",COUNTIFS('Boulder Sample Log'!A$5:A$204,A29,'Boulder Sample Log'!S$5:S$204,"Y"))
D30: =IF(A30="","",COUNTIF('Boulder Sample Log'!A$5:A$204,A30)) | E30: =IF(A30="","",SUMIF('Boulder Sample Log'!A$5:A$204,A30,'Boulder Sample Log'!P$5:P$204)) | F30: =IF(A30="","",COUNTIFS('Boulder Sample Log'!A$5:A$204,A30,'Boulder Sample Log'!S$5:S$204,"Y"))
D31: =IF(A31="","",COUNTIF('Boulder Sample Log'!A$5:A$204,A31)) | E31: =IF(A31="","",SUMIF('Boulder Sample Log'!A$5:A$204,A31,'Boulder Sample Log'!P$5:P$204)) | F31: =IF(A31="","",COUNTIFS('Boulder Sample Log'!A$5:A$204,A31,'Boulder Sample Log'!S$5:S$204,"Y"))
D32: =IF(A32="","",COUNTIF('Boulder Sample Log'!A$5:A$204,A32)) | E32: =IF(A32="","",SUMIF('Boulder Sample Log'!A$5:A$204,A32,'Boulder Sample Log'!P$5:P$204)) | F32: =IF(A32="","",COUNTIFS('Boulder Sample Log'!A$5:A$204,A32,'Boulder Sample Log'!S$5:S$204,"Y"))
D33: =IF(A33="","",COUNTIF('Boulder Sample Log'!A$5:A$204,A33)) | E33: =IF(A33="","",SUMIF('Boulder Sample Log'!A$5:A$204,A33,'Boulder Sample Log'!P$5:P$204)) | F33: =IF(A33="","",COUNTIFS('Boulder Sample Log'!A$5:A$204,A33,'Boulder Sample Log'!S$5:S$204,"Y"))
D34: =IF(A34="","",COUNTIF('Boulder Sample Log'!A$5:A$204,A34)) | E34: =IF(A34="","",SUMIF('Boulder Sample Log'!A$5:A$204,A34,'Boulder Sample Log'!P$5:P$204)) | F34: =IF(A34="","",COUNTIFS('Boulder Sample Log'!A$5:A$204,A34,'Boulder Sample Log'!S$5:S$204,"Y"))
D35: =IF(A35="","",COUNTIF('Boulder Sample Log'!A$5:A$204,A35)) | E35: =IF(A35="","",SUMIF('Boulder Sample Log'!A$5:A$204,A35,'Boulder Sample Log'!P$5:P$204)) | F35: =IF(A35="","",COUNTIFS('Boulder Sample Log'!A$5:A$204,A35,'Boulder Sample Log'!S$5:S$204,"Y"))
D36: =IF(A36="","",COUNTIF('Boulder Sample Log'!A$5:A$204,A36)) | E36: =IF(A36="","",SUMIF('Boulder Sample Log'!A$5:A$204,A36,'Boulder Sample Log'!P$5:P$204)) | F36: =IF(A36="","",COUNTIFS('Boulder Sample Log'!A$5:A$204,A36,'Boulder Sample Log'!S$5:S$204,"Y"))
D37: =IF(A37="","",COUNTIF('Boulder Sample Log'!A$5:A$204,A37)) | E37: =IF(A37="","",SUMIF('Boulder Sample Log'!A$5:A$204,A37,'Boulder Sample Log'!P$5:P$204)) | F37: =IF(A37="","",COUNTIFS('Boulder Sample Log'!A$5:A$204,A37,'Boulder Sample Log'!S$5:S$204,"Y"))
D38: =IF(A38="","",COUNTIF('Boulder Sample Log'!A$5:A$204,A38)) | E38: =IF(A38="","",SUMIF('Boulder Sample Log'!A$5:A$204,A38,'Boulder Sample Log'!P$5:P$204)) | F38: =IF(A38="","",COUNTIFS('Boulder Sample Log'!A$5:A$204,A38,'Boulder Sample Log'!S$5:S$204,"Y"))
... D53: =IF(A53="","",COUNTIF('Boulder Sample Log'!A$5:A$204,A53)) | E53: =IF(A53="","",SUMIF('Boulder Sample Log'!A$5:A$204,A53,'Boulder Sample Log'!P$5:P$204)) | F53: =IF(A53="","",COUNTIFS('Boulder Sample Log'!A$5:A$204,A53,'Boulder Sample Log'!S$5:S$204,"Y"))

Sheet Grid Completion
A1: SBMM OU1 — XRF Boulder Sampling Grid Completion Tracker
A2: 7 Areas | 15 Grids/Area | 2 Boulders/Grid (1H + 1F) | 210 Total Boulders | Auto-updates from Boulder Sample Log
A3: Area | B3: G01 | C3: G02 | D3: G03 | E3: G04 | F3: G05 | G3: G06 | H3: G07 | I3: G08 | J3: G09 | K3: G10 | L3: G11 | M3: G12 | N3: G13 | O3: G14 | P3: G15 | Q3: Done | R3: Notes
A4: SWRP | B4: =IF(COUNTIFS('Boulder Sample Log'!$B$5:$B$204,$A4,'Boulder Sample Log'!$C$5:$C$204,1)>=2,"✓",IF(COUNTIFS('Boulder Sample Log'!$B$5:$B$204,$A4,'Boulder Sample Log'!$C$5:$C$204,1)=1,"½","")) -> ✓ | C4: =IF(COUNTIFS('Boulder Sample Log'!$B$5:$B$204,$A4,'Boulder Sample Log'!$C$5:$C$204,2)>=2,"✓",IF(COUNTIFS('Boulder Sample Log'!$B$5:$B$204,$A4,'Boulder Sample Log'!$C$5:$C$204,2)=1,"½","")) -> ½ | D4: =IF(COUNTIFS('Boulder Sample Log'!$B$5:$B$204,$A4,'Boulder Sample Log'!$C$5:$C$204,3)>=2,"✓",IF(COUNTIFS('Boulder Sample Log'!$B$5:$B$204,$A4,'Boulder Sample Log'!$C$5:$C$204,3)=1,"½","")) | E4: =IF(COUNTIFS('Boulder Sample Log'!$B$5:$B$204,$A4,'Boulder Sample Log'!$C$5:$C$204,4)>=2,"✓",IF(COUNTIFS('Boulder Sample Log'!$B$5:$B$204,$A4,'Boulder Sample Log'!$C$5:$C$204,4)=1,"½","")) -> ✓ | F4: =IF(COUNTIFS('Boulder Sample Log'!$B$5:$B$204,$A4,'Boulder Sample Log'!$C$5:$C$204,5)>=2,"✓",IF(COUNTIFS('Boulder Sample Log'!$B$5:$B$204,$A4,'Boulder Sample Log'!$C$5:$C$204,5)=1,"½","")) -> ½ | G4: =IF(COUNTIFS('Boulder Sample Log'!$B$5:$B$204,$A4,'Boulder Sample Log'!$C$5:$C$204,6)>=2,"✓",IF(COUNTIFS('Boulder Sample Log'!$B$5:$B$204,$A4,'Boulder Sample Log'!$C$5:$C$204,6)=1,"½","")) | H4: =IF(COUNTIFS('Boulder Sample Log'!$B$5:$B$204,$A4,'Boulder Sample Log'!$C$5:$C$204,7)>=2,"✓",IF(COUNTIFS('Boulder Sample Log'!$B$5:$B$204,$A4,'Boulder Sample Log'!$C$5:$C$204,7)=1,"½","")) -> ✓ | I4: =IF(COUNTIFS('Boulder Sample Log'!$B$5:$B$204,$A4,'Boulder Sample Log'!$C$5:$C$204,8)>=2,"✓",IF(COUNTIFS('Boulder Sample Log'!$B$5:$B$204,$A4,'Boulder Sample Log'!$C$5:$C$204,8)=1,"½","")) -> ✓ | J4: =IF(COUNTIFS('Boulder Sample Log'!$B$5:$B$204,$A4,'Boulder Sample Log'!$C$5:$C$204,9)>=2,"✓",IF(COUNTIFS('Boulder Sample Log'!$B$5:$B$204,$A4,'Boulder Sample Log'!$C$5:$C$204,9)=1,"½","")) -> ½ | K4: =IF(COUNTIFS('Boulder Sample Log'!$B$5:$B$204,$A4,'Boulder Sample Log'!$C$5:$C$204,10)>=2,"✓",IF(COUNTIFS('Boulder Sample Log'!$B$5:$B$204,$A4,'Boulder Sample Log'!$C$5:$C$204,10)=1,"½","")) -> ✓ | L4: =IF(COUNTIFS('Boulder Sample Log'!$B$5:$B$204,$A4,'Boulder Sample Log'!$C$5:$C$204,11)>=2,"✓",IF(COUNTIFS('Boulder Sample Log'!$B$5:$B$204,$A4,'Boulder Sample Log'!$C$5:$C$204,11)=1,"½","")) -> ✓ | M4: =IF(COUNTIFS('Boulder Sample Log'!$B$5:$B$204,$A4,'Boulder Sample Log'!$C$5:$C$204,12)>=2,"✓",IF(COUNTIFS('Boulder Sample Log'!$B$5:$B$204,$A4,'Boulder Sample Log'!$C$5:$C$204,12)=1,"½","")) -> ✓ | N4: =IF(COUNTIFS('Boulder Sample Log'!$B$5:$B$204,$A4,'Boulder Sample Log'!$C$5:$C$204,13)>=2,"✓",IF(COUNTIFS('Boulder Sample Log'!$B$5:$B$204,$A4,'Boulder Sample Log'!$C$5:$C$204,13)=1,"½","")) -> ✓ | O4: =IF(COUNTIFS('Boulder Sample Log'!$B$5:$B$204,$A4,'Boulder Sample Log'!$C$5:$C$204,14)>=2,"✓",IF(COUNTIFS('Boulder Sample Log'!$B$5:$B$204,$A4,'Boulder Sample Log'!$C$5:$C$204,14)=1,"½","")) -> ✓ | P4: =IF(COUNTIFS('Boulder Sample Log'!$B$5:$B$204,$A4,'Boulder Sample Log'!$C$5:$C$204,15)>=2,"✓",IF(COUNTIFS('Boulder Sample Log'!$B$5:$B$204,$A4,'Boulder Sample Log'!$C$5:$C$204,15)=1,"½","")) -> ✓ | Q4: =SUMPRODUCT((COUNTIFS('Boulder Sample Log'!$B$5:$B$204,$A4,'Boulder Sample Log'!$C$5:$C$204,{1,2,3,4,5,6,7,8,9,10,11,12,13,14,15})>=2)*1)&"/15" -> 10/15
A5: WWRP | B5: =IF(COUNTIFS('Boulder Sample Log'!$B$5:$B$204,$A5,'Boulder Sample Log'!$C$5:$C$204,1)>=2,"✓",IF(COUNTIFS('Boulder Sample Log'!$B$5:$B$204,$A5,'Boulder Sample Log'!$C$5:$C$204,1)=1,"½","")) | C5: =IF(COUNTIFS('Boulder Sample Log'!$B$5:$B$204,$A5,'Boulder Sample Log'!$C$5:$C$204,2)>=2,"✓",IF(COUNTIFS('Boulder Sample Log'!$B$5:$B$204,$A5,'Boulder Sample Log'!$C$5:$C$204,2)=1,"½","")) -> ½ | D5: =IF(COUNTIFS('Boulder Sample Log'!$B$5:$B$204,$A5,'Boulder Sample Log'!$C$5:$C$204,3)>=2,"✓",IF(COUNTIFS('Boulder Sample Log'!$B$5:$B$204,$A5,'Boulder Sample Log'!$C$5:$C$204,3)=1,"½","")) -> ✓ | E5: =IF(COUNTIFS('Boulder Sample Log'!$B$5:$B$204,$A5,'Boulder Sample Log'!$C$5:$C$204,4)>=2,"✓",IF(COUNTIFS('Boulder Sample Log'!$B$5:$B$204,$A5,'Boulder Sample Log'!$C$5:$C$204,4)=1,"½","")) -> ½ | F5: =IF(COUNTIFS('Boulder Sample Log'!$B$5:$B$204,$A5,'Boulder Sample Log'!$C$5:$C$204,5)>=2,"✓",IF(COUNTIFS('Boulder Sample Log'!$B$5:$B$204,$A5,'Boulder Sample Log'!$C$5:$C$204,5)=1,"½","")) -> ½ | G5: =IF(COUNTIFS('Boulder Sample Log'!$B$5:$B$204,$A5,'Boulder Sample Log'!$C$5:$C$204,6)>=2,"✓",IF(COUNTIFS('Boulder Sample Log'!$B$5:$B$204,$A5,'Boulder Sample Log'!$C$5:$C$204,6)=1,"½","")) -> ✓ | H5: =IF(COUNTIFS('Boulder Sample Log'!$B$5:$B$204,$A5,'Boulder Sample Log'!$C$5:$C$204,7)>=2,"✓",IF(COUNTIFS('Boulder Sample Log'!$B$5:$B$204,$A5,'Boulder Sample Log'!$C$5:$C$204,7)=1,"½","")) -> ✓ | I5: =IF(COUNTIFS('Boulder Sample Log'!$B$5:$B$204,$A5,'Boulder Sample Log'!$C$5:$C$204,8)>=2,"✓",IF(COUNTIFS('Boulder Sample Log'!$B$5:$B$204,$A5,'Boulder Sample Log'!$C$5:$C$204,8)=1,"½","")) | J5: =IF(COUNTIFS('Boulder Sample Log'!$B$5:$B$204,$A5,'Boulder Sample Log'!$C$5:$C$204,9)>=2,"✓",IF(COUNTIFS('Boulder Sample Log'!$B$5:$B$204,$A5,'Boulder Sample Log'!$C$5:$C$204,9)=1,"½","")) -> ½ | K5: =IF(COUNTIFS('Boulder Sample Log'!$B$5:$B$204,$A5,'Boulder Sample Log'!$C$5:$C$204,10)>=2,"✓",IF(COUNTIFS('Boulder Sample Log'!$B$5:$B$204,$A5,'Boulder Sample Log'!$C$5:$C$204,10)=1,"½","")) | L5: =IF(COUNTIFS('Boulder Sample Log'!$B$5:$B$204,$A5,'Boulder Sample Log'!$C$5:$C$204,11)>=2,"✓",IF(COUNTIFS('Boulder Sample Log'!$B$5:$B$204,$A5,'Boulder Sample Log'!$C$5:$C$204,11)=1,"½","")) | M5: =IF(COUNTIFS('Boulder Sample Log'!$B$5:$B$204,$A5,'Boulder Sample Log'!$C$5:$C$204,12)>=2,"✓",IF(COUNTIFS('Boulder Sample Log'!$B$5:$B$204,$A5,'Boulder Sample Log'!$C$5:$C$204,12)=1,"½","")) | N5: =IF(COUNTIFS('Boulder Sample Log'!$B$5:$B$204,$A5,'Boulder Sample Log'!$C$5:$C$204,13)>=2,"✓",IF(COUNTIFS('Boulder Sample Log'!$B$5:$B$204,$A5,'Boulder Sample Log'!$C$5:$C$204,13)=1,"½","")) -> ½ | O5: =IF(COUNTIFS('Boulder Sample Log'!$B$5:$B$204,$A5,'Boulder Sample Log'!$C$5:$C$204,14)>=2,"✓",IF(COUNTIFS('Boulder Sample Log'!$B$5:$B$204,$A5,'Boulder Sample Log'!$C$5:$C$204,14)=1,"½","")) -> ½ | P5: =IF(COUNTIFS('Boulder Sample Log'!$B$5:$B$204,$A5,'Boulder Sample Log'!$C$5:$C$204,15)>=2,"✓",IF(COUNTIFS('Boulder Sample Log'!$B$5:$B$204,$A5,'Boulder Sample Log'!$C$5:$C$204,15)=1,"½","")) -> ✓ | Q5: =SUMPRODUCT((COUNTIFS('Boulder Sample Log'!$B$5:$B$204,$A5,'Boulder Sample Log'!$C$5:$C$204,{1,2,3,4,5,6,7,8,9,10,11,12,13,14,15})>=2)*1)&"/15" -> 4/15
A6: NWWRP | B6: =IF(COUNTIFS('Boulder Sample Log'!$B$5:$B$204,$A6,'Boulder Sample Log'!$C$5:$C$204,1)>=2,"✓",IF(COUNTIFS('Boulder Sample Log'!$B$5:$B$204,$A6,'Boulder Sample Log'!$C$5:$C$204,1)=1,"½","")) -> ½ | C6: =IF(COUNTIFS('Boulder Sample Log'!$B$5:$B$204,$A6,'Boulder Sample Log'!$C$5:$C$204,2)>=2,"✓",IF(COUNTIFS('Boulder Sample Log'!$B$5:$B$204,$A6,'Boulder Sample Log'!$C$5:$C$204,2)=1,"½","")) -> ½ | D6: =IF(COUNTIFS('Boulder Sample Log'!$B$5:$B$204,$A6,'Boulder Sample Log'!$C$5:$C$204,3)>=2,"✓",IF(COUNTIFS('Boulder Sample Log'!$B$5:$B$204,$A6,'Boulder Sample Log'!$C$5:$C$204,3)=1,"½","")) -> ½ | E6: =IF(COUNTIFS('Boulder Sample Log'!$B$5:$B$204,$A6,'Boulder Sample Log'!$C$5:$C$204,4)>=2,"✓",IF(COUNTIFS('Boulder Sample Log'!$B$5:$B$204,$A6,'Boulder Sample Log'!$C$5:$C$204,4)=1,"½","")) -> ½ | F6: =IF(COUNTIFS('Boulder Sample Log'!$B$5:$B$204,$A6,'Boulder Sample Log'!$C$5:$C$204,5)>=2,"✓",IF(COUNTIFS('Boulder Sample Log'!$B$5:$B$204,$A6,'Boulder Sample Log'!$C$5:$C$204,5)=1,"½","")) -> ½ | G6: =IF(COUNTIFS('Boulder Sample Log'!$B$5:$B$204,$A6,'Boulder Sample Log'!$C$5:$C$204,6)>=2,"✓",IF(COUNTIFS('Boulder Sample Log'!$B$5:$B$204,$A6,'Boulder Sample Log'!$C$5:$C$204,6)=1,"½","")) -> ½ | H6: =IF(COUNTIFS('Boulder Sample Log'!$B$5:$B$204,$A6,'Boulder Sample Log'!$C$5:$C$204,7)>=2,"✓",IF(COUNTIFS('Boulder Sample Log'!$B$5:$B$204,$A6,'Boulder Sample Log'!$C$5:$C$204,7)=1,"½","")) -> ½ | I6: =IF(COUNTIFS('Boulder Sample Log'!$B$5:$B$204,$A6,'Boulder Sample Log'!$C$5:$C$204,8)>=2,"✓",IF(COUNTIFS('Boulder Sample Log'!$B$5:$B$204,$A6,'Boulder Sample Log'!$C$5:$C$204,8)=1,"½","")) -> ½ | J6: =IF(COUNTIFS('Boulder Sample Log'!$B$5:$B$204,$A6,'Boulder Sample Log'!$C$5:$C$204,9)>=2,"✓",IF(COUNTIFS('Boulder Sample Log'!$B$5:$B$204,$A6,'Boulder Sample Log'!$C$5:$C$204,9)=1,"½","")) -> ½ | K6: =IF(COUNTIFS('Boulder Sample Log'!$B$5:$B$204,$A6,'Boulder Sample Log'!$C$5:$C$204,10)>=2,"✓",IF(COUNTIFS('Boulder Sample Log'!$B$5:$B$204,$A6,'Boulder Sample Log'!$C$5:$C$204,10)=1,"½","")) -> ½ | L6: =IF(COUNTIFS('Boulder Sample Log'!$B$5:$B$204,$A6,'Boulder Sample Log'!$C$5:$C$204,11)>=2,"✓",IF(COUNTIFS('Boulder Sample Log'!$B$5:$B$204,$A6,'Boulder Sample Log'!$C$5:$C$204,11)=1,"½","")) -> ½ | M6: =IF(COUNTIFS('Boulder Sample Log'!$B$5:$B$204,$A6,'Boulder Sample Log'!$C$5:$C$204,12)>=2,"✓",IF(COUNTIFS('Boulder Sample Log'!$B$5:$B$204,$A6,'Boulder Sample Log'!$C$5:$C$204,12)=1,"½","")) -> ½ | N6: =IF(COUNTIFS('Boulder Sample Log'!$B$5:$B$204,$A6,'Boulder Sample Log'!$C$5:$C$204,13)>=2,"✓",IF(COUNTIFS('Boulder Sample Log'!$B$5:$B$204,$A6,'Boulder Sample Log'!$C$5:$C$204,13)=1,"½","")) -> ½ | O6: =IF(COUNTIFS('Boulder Sample Log'!$B$5:$B$204,$A6,'Boulder Sample Log'!$C$5:$C$204,14)>=2,"✓",IF(COUNTIFS('Boulder Sample Log'!$B$5:$B$204,$A6,'Boulder Sample Log'!$C$5:$C$204,14)=1,"½","")) -> ½ | P6: =IF(COUNTIFS('Boulder Sample Log'!$B$5:$B$204,$A6,'Boulder Sample Log'!$C$5:$C$204,15)>=2,"✓",IF(COUNTIFS('Boulder Sample Log'!$B$5:$B$204,$A6,'Boulder Sample Log'!$C$5:$C$204,15)=1,"½","")) -> ½ | Q6: =SUMPRODUCT((COUNTIFS('Boulder Sample Log'!$B$5:$B$204,$A6,'Boulder Sample Log'!$C$5:$C$204,{1,2,3,4,5,6,7,8,9,10,11,12,13,14,15})>=2)*1)&"/15" -> 0/15
A7: NWRP | B7: =IF(COUNTIFS('Boulder Sample Log'!$B$5:$B$204,$A7,'Boulder Sample Log'!$C$5:$C$204,1)>=2,"✓",IF(COUNTIFS('Boulder Sample Log'!$B$5:$B$204,$A7,'Boulder Sample Log'!$C$5:$C$204,1)=1,"½","")) | C7: =IF(COUNTIFS('Boulder Sample Log'!$B$5:$B$204,$A7,'Boulder Sample Log'!$C$5:$C$204,2)>=2,"✓",IF(COUNTIFS('Boulder Sample Log'!$B$5:$B$204,$A7,'Boulder Sample Log'!$C$5:$C$204,2)=1,"½","")) -> ½ | D7: =IF(COUNTIFS('Boulder Sample Log'!$B$5:$B$204,$A7,'Boulder Sample Log'!$C$5:$C$204,3)>=2,"✓",IF(COUNTIFS('Boulder Sample Log'!$B$5:$B$204,$A7,'Boulder Sample Log'!$C$5:$C$204,3)=1,"½","")) -> ½ | E7: =IF(COUNTIFS('Boulder Sample Log'!$B$5:$B$204,$A7,'Boulder Sample Log'!$C$5:$C$204,4)>=2,"✓",IF(COUNTIFS('Boulder Sample Log'!$B$5:$B$204,$A7,'Boulder Sample Log'!$C$5:$C$204,4)=1,"½","")) -> ✓ | F7: =IF(COUNTIFS('Boulder Sample Log'!$B$5:$B$204,$A7,'Boulder Sample Log'!$C$5:$C$204,5)>=2,"✓",IF(COUNTIFS('Boulder Sample Log'!$B$5:$B$204,$A7,'Boulder Sample Log'!$C$5:$C$204,5)=1,"½","")) -> ✓ | G7: =IF(COUNTIFS('Boulder Sample Log'!$B$5:$B$204,$A7,'Boulder Sample Log'!$C$5:$C$204,6)>=2,"✓",IF(COUNTIFS('Boulder Sample Log'!$B$5:$B$204,$A7,'Boulder Sample Log'!$C$5:$C$204,6)=1,"½","")) -> ✓ | H7: =IF(COUNTIFS('Boulder Sample Log'!$B$5:$B$204,$A7,'Boulder Sample Log'!$C$5:$C$204,7)>=2,"✓",IF(COUNTIFS('Boulder Sample Log'!$B$5:$B$204,$A7,'Boulder Sample Log'!$C$5:$C$204,7)=1,"½","")) -> ✓ | I7: =IF(COUNTIFS('Boulder Sample Log'!$B$5:$B$204,$A7,'Boulder Sample Log'!$C$5:$C$204,8)>=2,"✓",IF(COUNTIFS('Boulder Sample Log'!$B$5:$B$204,$A7,'Boulder Sample Log'!$C$5:$C$204,8)=1,"½","")) -> ✓ | J7: =IF(COUNTIFS('Boulder Sample Log'!$B$5:$B$204,$A7,'Boulder Sample Log'!$C$5:$C$204,9)>=2,"✓",IF(COUNTIFS('Boulder Sample Log'!$B$5:$B$204,$A7,'Boulder Sample Log'!$C$5:$C$204,9)=1,"½","")) -> ✓ | K7: =IF(COUNTIFS('Boulder Sample Log'!$B$5:$B$204,$A7,'Boulder Sample Log'!$C$5:$C$204,10)>=2,"✓",IF(COUNTIFS('Boulder Sample Log'!$B$5:$B$204,$A7,'Boulder Sample Log'!$C$5:$C$204,10)=1,"½","")) -> ✓ | L7: =IF(COUNTIFS('Boulder Sample Log'!$B$5:$B$204,$A7,'Boulder Sample Log'!$C$5:$C$204,11)>=2,"✓",IF(COUNTIFS('Boulder Sample Log'!$B$5:$B$204,$A7,'Boulder Sample Log'!$C$5:$C$204,11)=1,"½","")) -> ✓ | M7: =IF(COUNTIFS('Boulder Sample Log'!$B$5:$B$204,$A7,'Boulder Sample Log'!$C$5:$C$204,12)>=2,"✓",IF(COUNTIFS('Boulder Sample Log'!$B$5:$B$204,$A7,'Boulder Sample Log'!$C$5:$C$204,12)=1,"½","")) -> ✓ | N7: =IF(COUNTIFS('Boulder Sample Log'!$B$5:$B$204,$A7,'Boulder Sample Log'!$C$5:$C$204,13)>=2,"✓",IF(COUNTIFS('Boulder Sample Log'!$B$5:$B$204,$A7,'Boulder Sample Log'!$C$5:$C$204,13)=1,"½","")) -> ✓ | O7: =IF(COUNTIFS('Boulder Sample Log'!$B$5:$B$204,$A7,'Boulder Sample Log'!$C$5:$C$204,14)>=2,"✓",IF(COUNTIFS('Boulder Sample Log'!$B$5:$B$204,$A7,'Boulder Sample Log'!$C$5:$C$204,14)=1,"½","")) -> ✓ | P7: =IF(COUNTIFS('Boulder Sample Log'!$B$5:$B$204,$A7,'Boulder Sample Log'!$C$5:$C$204,15)>=2,"✓",IF(COUNTIFS('Boulder Sample Log'!$B$5:$B$204,$A7,'Boulder Sample Log'!$C$5:$C$204,15)=1,"½","")) | Q7: =SUMPRODUCT((COUNTIFS('Boulder Sample Log'!$B$5:$B$204,$A7,'Boulder Sample Log'!$C$5:$C$204,{1,2,3,4,5,6,7,8,9,10,11,12,13,14,15})>=2)*1)&"/15" -> 11/15
A8: NWP | B8: =IF(COUNTIFS('Boulder Sample Log'!$B$5:$B$204,$A8,'Boulder Sample Log'!$C$5:$C$204,1)>=2,"✓",IF(COUNTIFS('Boulder Sample Log'!$B$5:$B$204,$A8,'Boulder Sample Log'!$C$5:$C$204,1)=1,"½","")) -> ✓ | C8: =IF(COUNTIFS('Boulder Sample Log'!$B$5:$B$204,$A8,'Boulder Sample Log'!$C$5:$C$204,2)>=2,"✓",IF(COUNTIFS('Boulder Sample Log'!$B$5:$B$204,$A8,'Boulder Sample Log'!$C$5:$C$204,2)=1,"½","")) -> ✓ | D8: =IF(COUNTIFS('Boulder Sample Log'!$B$5:$B$204,$A8,'Boulder Sample Log'!$C$5:$C$204,3)>=2,"✓",IF(COUNTIFS('Boulder Sample Log'!$B$5:$B$204,$A8,'Boulder Sample Log'!$C$5:$C$204,3)=1,"½","")) | E8: =IF(COUNTIFS('Boulder Sample Log'!$B$5:$B$204,$A8,'Boulder Sample Log'!$C$5:$C$204,4)>=2,"✓",IF(COUNTIFS('Boulder Sample Log'!$B$5:$B$204,$A8,'Boulder Sample Log'!$C$5:$C$204,4)=1,"½","")) -> ½ | F8: =IF(COUNTIFS('Boulder Sample Log'!$B$5:$B$204,$A8,'Boulder Sample Log'!$C$5:$C$204,5)>=2,"✓",IF(COUNTIFS('Boulder Sample Log'!$B$5:$B$204,$A8,'Boulder Sample Log'!$C$5:$C$204,5)=1,"½","")) -> ✓ | G8: =IF(COUNTIFS('Boulder Sample Log'!$B$5:$B$204,$A8,'Boulder Sample Log'!$C$5:$C$204,6)>=2,"✓",IF(COUNTIFS('Boulder Sample Log'!$B$5:$B$204,$A8,'Boulder Sample Log'!$C$5:$C$204,6)=1,"½","")) -> ✓ | H8: =IF(COUNTIFS('Boulder Sample Log'!$B$5:$B$204,$A8,'Boulder Sample Log'!$C$5:$C$204,7)>=2,"✓",IF(COUNTIFS('Boulder Sample Log'!$B$5:$B$204,$A8,'Boulder Sample Log'!$C$5:$C$204,7)=1,"½","")) | I8: =IF(COUNTIFS('Boulder Sample Log'!$B$5:$B$204,$A8,'Boulder Sample Log'!$C$5:$C$204,8)>=2,"✓",IF(COUNTIFS('Boulder Sample Log'!$B$5:$B$204,$A8,'Boulder Sample Log'!$C$5:$C$204,8)=1,"½","")) -> ½ | J8: =IF(COUNTIFS('Boulder Sample Log'!$B$5:$B$204,$A8,'Boulder Sample Log'!$C$5:$C$204,9)>=2,"✓",IF(COUNTIFS('Boulder Sample Log'!$B$5:$B$204,$A8,'Boulder Sample Log'!$C$5:$C$204,9)=1,"½","")) -> ½ | K8: =IF(COUNTIFS('Boulder Sample Log'!$B$5:$B$204,$A8,'Boulder Sample Log'!$C$5:$C$204,10)>=2,"✓",IF(COUNTIFS('Boulder Sample Log'!$B$5:$B$204,$A8,'Boulder Sample Log'!$C$5:$C$204,10)=1,"½","")) | L8: =IF(COUNTIFS('Boulder Sample Log'!$B$5:$B$204,$A8,'Boulder Sample Log'!$C$5:$C$204,11)>=2,"✓",IF(COUNTIFS('Boulder Sample Log'!$B$5:$B$204,$A8,'Boulder Sample Log'!$C$5:$C$204,11)=1,"½","")) -> ✓ | M8: =IF(COUNTIFS('Boulder Sample Log'!$B$5:$B$204,$A8,'Boulder Sample Log'!$C$5:$C$204,12)>=2,"✓",IF(COUNTIFS('Boulder Sample Log'!$B$5:$B$204,$A8,'Boulder Sample Log'!$C$5:$C$204,12)=1,"½","")) -> ½ | N8: =IF(COUNTIFS('Boulder Sample Log'!$B$5:$B$204,$A8,'Boulder Sample Log'!$C$5:$C$204,13)>=2,"✓",IF(COUNTIFS('Boulder Sample Log'!$B$5:$B$204,$A8,'Boulder Sample Log'!$C$5:$C$204,13)=1,"½","")) -> ½ | O8: =IF(COUNTIFS('Boulder Sample Log'!$B$5:$B$204,$A8,'Boulder Sample Log'!$C$5:$C$204,14)>=2,"✓",IF(COUNTIFS('Boulder Sample Log'!$B$5:$B$204,$A8,'Boulder Sample Log'!$C$5:$C$204,14)=1,"½","")) -> ✓ | P8: =IF(COUNTIFS('Boulder Sample Log'!$B$5:$B$204,$A8,'Boulder Sample Log'!$C$5:$C$204,15)>=2,"✓",IF(COUNTIFS('Boulder Sample Log'!$B$5:$B$204,$A8,'Boulder Sample Log'!$C$5:$C$204,15)=1,"½","")) | Q8: =SUMPRODUCT((COUNTIFS('Boulder Sample Log'!$B$5:$B$204,$A8,'Boulder Sample Log'!$C$5:$C$204,{1,2,3,4,5,6,7,8,9,10,11,12,13,14,15})>=2)*1)&"/15" -> 6/15
A9: WRD | B9: =IF(COUNTIFS('Boulder Sample Log'!$B$5:$B$204,$A9,'Boulder Sample Log'!$C$5:$C$204,1)>=2,"✓",IF(COUNTIFS('Boulder Sample Log'!$B$5:$B$204,$A9,'Boulder Sample Log'!$C$5:$C$204,1)=1,"½","")) -> ✓ | C9: =IF(COUNTIFS('Boulder Sample Log'!$B$5:$B$204,$A9,'Boulder Sample Log'!$C$5:$C$204,2)>=2,"✓",IF(COUNTIFS('Boulder Sample Log'!$B$5:$B$204,$A9,'Boulder Sample Log'!$C$5:$C$204,2)=1,"½","")) -> ✓ | D9: =IF(COUNTIFS('Boulder Sample Log'!$B$5:$B$204,$A9,'Boulder Sample Log'!$C$5:$C$204,3)>=2,"✓",IF(COUNTIFS('Boulder Sample Log'!$B$5:$B$204,$A9,'Boulder Sample Log'!$C$5:$C$204,3)=1,"½","")) -> ✓ | E9: =IF(COUNTIFS('Boulder Sample Log'!$B$5:$B$204,$A9,'Boulder Sample Log'!$C$5:$C$204,4)>=2,"✓",IF(COUNTIFS('Boulder Sample Log'!$B$5:$B$204,$A9,'Boulder Sample Log'!$C$5:$C$204,4)=1,"½","")) -> ✓ | F9: =IF(COUNTIFS('Boulder Sample Log'!$B$5:$B$204,$A9,'Boulder Sample Log'!$C$5:$C$204,5)>=2,"✓",IF(COUNTIFS('Boulder Sample Log'!$B$5:$B$204,$A9,'Boulder Sample Log'!$C$5:$C$204,5)=1,"½","")) -> ✓ | G9: =IF(COUNTIFS('Boulder Sample Log'!$B$5:$B$204,$A9,'Boulder Sample Log'!$C$5:$C$204,6)>=2,"✓",IF(COUNTIFS('Boulder Sample Log'!$B$5:$B$204,$A9,'Boulder Sample Log'!$C$5:$C$204,6)=1,"½","")) -> ✓ | H9: =IF(COUNTIFS('Boulder Sample Log'!$B$5:$B$204,$A9,'Boulder Sample Log'!$C$5:$C$204,7)>=2,"✓",IF(COUNTIFS('Boulder Sample Log'!$B$5:$B$204,$A9,'Boulder Sample Log'!$C$5:$C$204,7)=1,"½","")) -> ✓ | I9: =IF(COUNTIFS('Boulder Sample Log'!$B$5:$B$204,$A9,'Boulder Sample Log'!$C$5:$C$204,8)>=2,"✓",IF(COUNTIFS('Boulder Sample Log'!$B$5:$B$204,$A9,'Boulder Sample Log'!$C$5:$C$204,8)=1,"½","")) -> ✓ | J9: =IF(COUNTIFS('Boulder Sample Log'!$B$5:$B$204,$A9,'Boulder Sample Log'!$C$5:$C$204,9)>=2,"✓",IF(COUNTIFS('Boulder Sample Log'!$B$5:$B$204,$A9,'Boulder Sample Log'!$C$5:$C$204,9)=1,"½","")) -> ✓ | K9: =IF(COUNTIFS('Boulder Sample Log'!$B$5:$B$204,$A9,'Boulder Sample Log'!$C$5:$C$204,10)>=2,"✓",IF(COUNTIFS('Boulder Sample Log'!$B$5:$B$204,$A9,'Boulder Sample Log'!$C$5:$C$204,10)=1,"½","")) -> ✓ | L9: =IF(COUNTIFS('Boulder Sample Log'!$B$5:$B$204,$A9,'Boulder Sample Log'!$C$5:$C$204,11)>=2,"✓",IF(COUNTIFS('Boulder Sample Log'!$B$5:$B$204,$A9,'Boulder Sample Log'!$C$5:$C$204,11)=1,"½","")) -> ✓ | M9: =IF(COUNTIFS('Boulder Sample Log'!$B$5:$B$204,$A9,'Boulder Sample Log'!$C$5:$C$204,12)>=2,"✓",IF(COUNTIFS('Boulder Sample Log'!$B$5:$B$204,$A9,'Boulder Sample Log'!$C$5:$C$204,12)=1,"½","")) -> ✓ | N9: =IF(COUNTIFS('Boulder Sample Log'!$B$5:$B$204,$A9,'Boulder Sample Log'!$C$5:$C$204,13)>=2,"✓",IF(COUNTIFS('Boulder Sample Log'!$B$5:$B$204,$A9,'Boulder Sample Log'!$C$5:$C$204,13)=1,"½","")) -> ½ | O9: =IF(COUNTIFS('Boulder Sample Log'!$B$5:$B$204,$A9,'Boulder Sample Log'!$C$5:$C$204,14)>=2,"✓",IF(COUNTIFS('Boulder Sample Log'!$B$5:$B$204,$A9,'Boulder Sample Log'!$C$5:$C$204,14)=1,"½","")) -> ✓ | P9: =IF(COUNTIFS('Boulder Sample Log'!$B$5:$B$204,$A9,'Boulder Sample Log'!$C$5:$C$204,15)>=2,"✓",IF(COUNTIFS('Boulder Sample Log'!$B$5:$B$204,$A9,'Boulder Sample Log'!$C$5:$C$204,15)=1,"½","")) -> ✓ | Q9: =SUMPRODUCT((COUNTIFS('Boulder Sample Log'!$B$5:$B$204,$A9,'Boulder Sample Log'!$C$5:$C$204,{1,2,3,4,5,6,7,8,9,10,11,12,13,14,15})>=2)*1)&"/15" -> 14/15
A10: DRA | B10: =IF(COUNTIFS('Boulder Sample Log'!$B$5:$B$204,$A10,'Boulder Sample Log'!$C$5:$C$204,1)>=2,"✓",IF(COUNTIFS('Boulder Sample Log'!$B$5:$B$204,$A10,'Boulder Sample Log'!$C$5:$C$204,1)=1,"½","")) -> ✓ | C10: =IF(COUNTIFS('Boulder Sample Log'!$B$5:$B$204,$A10,'Boulder Sample Log'!$C$5:$C$204,2)>=2,"✓",IF(COUNTIFS('Boulder Sample Log'!$B$5:$B$204,$A10,'Boulder Sample Log'!$C$5:$C$204,2)=1,"½","")) -> ✓ | D10: =IF(COUNTIFS('Boulder Sample Log'!$B$5:$B$204,$A10,'Boulder Sample Log'!$C$5:$C$204,3)>=2,"✓",IF(COUNTIFS('Boulder Sample Log'!$B$5:$B$204,$A10,'Boulder Sample Log'!$C$5:$C$204,3)=1,"½","")) -> ✓ | E10: =IF(COUNTIFS('Boulder Sample Log'!$B$5:$B$204,$A10,'Boulder Sample Log'!$C$5:$C$204,4)>=2,"✓",IF(COUNTIFS('Boulder Sample Log'!$B$5:$B$204,$A10,'Boulder Sample Log'!$C$5:$C$204,4)=1,"½","")) | F10: =IF(COUNTIFS('Boulder Sample Log'!$B$5:$B$204,$A10,'Boulder Sample Log'!$C$5:$C$204,5)>=2,"✓",IF(COUNTIFS('Boulder Sample Log'!$B$5:$B$204,$A10,'Boulder Sample Log'!$C$5:$C$204,5)=1,"½","")) -> ✓ | G10: =IF(COUNTIFS('Boulder Sample Log'!$B$5:$B$204,$A10,'Boulder Sample Log'!$C$5:$C$204,6)>=2,"✓",IF(COUNTIFS('Boulder Sample Log'!$B$5:$B$204,$A10,'Boulder Sample Log'!$C$5:$C$204,6)=1,"½","")) -> ✓ | H10: =IF(COUNTIFS('Boulder Sample Log'!$B$5:$B$204,$A10,'Boulder Sample Log'!$C$5:$C$204,7)>=2,"✓",IF(COUNTIFS('Boulder Sample Log'!$B$5:$B$204,$A10,'Boulder Sample Log'!$C$5:$C$204,7)=1,"½","")) -> ✓ | I10: =IF(COUNTIFS('Boulder Sample Log'!$B$5:$B$204,$A10,'Boulder Sample Log'!$C$5:$C$204,8)>=2,"✓",IF(COUNTIFS('Boulder Sample Log'!$B$5:$B$204,$A10,'Boulder Sample Log'!$C$5:$C$204,8)=1,"½","")) -> ✓ | J10: =IF(COUNTIFS('Boulder Sample Log'!$B$5:$B$204,$A10,'Boulder Sample Log'!$C$5:$C$204,9)>=2,"✓",IF(COUNTIFS('Boulder Sample Log'!$B$5:$B$204,$A10,'Boulder Sample Log'!$C$5:$C$204,9)=1,"½","")) -> ½ | K10: =IF(COUNTIFS('Boulder Sample Log'!$B$5:$B$204,$A10,'Boulder Sample Log'!$C$5:$C$204,10)>=2,"✓",IF(COUNTIFS('Boulder Sample Log'!$B$5:$B$204,$A10,'Boulder Sample Log'!$C$5:$C$204,10)=1,"½","")) -> ✓ | L10: =IF(COUNTIFS('Boulder Sample Log'!$B$5:$B$204,$A10,'Boulder Sample Log'!$C$5:$C$204,11)>=2,"✓",IF(COUNTIFS('Boulder Sample Log'!$B$5:$B$204,$A10,'Boulder Sample Log'!$C$5:$C$204,11)=1,"½","")) | M10: =IF(COUNTIFS('Boulder Sample Log'!$B$5:$B$204,$A10,'Boulder Sample Log'!$C$5:$C$204,12)>=2,"✓",IF(COUNTIFS('Boulder Sample Log'!$B$5:$B$204,$A10,'Boulder Sample Log'!$C$5:$C$204,12)=1,"½","")) -> ✓ | N10: =IF(COUNTIFS('Boulder Sample Log'!$B$5:$B$204,$A10,'Boulder Sample Log'!$C$5:$C$204,13)>=2,"✓",IF(COUNTIFS('Boulder Sample Log'!$B$5:$B$204,$A10,'Boulder Sample Log'!$C$5:$C$204,13)=1,"½","")) -> ✓ | O10: =IF(COUNTIFS('Boulder Sample Log'!$B$5:$B$204,$A10,'Boulder Sample Log'!$C$5:$C$204,14)>=2,"✓",IF(COUNTIFS('Boulder Sample Log'!$B$5:$B$204,$A10,'Boulder Sample Log'!$C$5:$C$204,14)=1,"½","")) -> ✓ | P10: =IF(COUNTIFS('Boulder Sample Log'!$B$5:$B$204,$A10,'Boulder Sample Log'!$C$5:$C$204,15)>=2,"✓",IF(COUNTIFS('Boulder Sample Log'!$B$5:$B$204,$A10,'Boulder Sample Log'!$C$5:$C$204,15)=1,"½","")) | Q10: =SUMPRODUCT((COUNTIFS('Boulder Sample Log'!$B$5:$B$204,$A10,'Boulder Sample Log'!$C$5:$C$204,{1,2,3,4,5,6,7,8,9,10,11,12,13,14,15})>=2)*1)&"/15" -> 11/15
A11: TOTAL | B11: =(SUMPRODUCT((COUNTIFS('Boulder Sample Log'!$B$5:$B$204,A4,'Boulder Sample Log'!$C$5:$C$204,{1,2,3,4,5,6,7,8,9,10,11,12,13,14,15})>=2)*1)+SUMPRODUCT((COUNTIFS('Boulder Sample Log'!$B$5:$B$204,A5,'Boulder Sample Log'!$C$5:$C$204,{1,2,3,4,5,6,7,8,9,10,11,12,13,14,15})>=2)*1)+SUMPRODUCT((COUNTIFS('Boulder Sample Log'!$B$5:$B$204,A6,'Boulder Sample Log'!$C$5:$C$204,{1,2,3,4,5,6,7,8,9,10,11,12,13,14,15})>=2)*1)+SUMPRODUCT((COUNTIFS('Boulder Sample Log'!$B$5:$B$204,A7,'Boulder Sample Log'!$C$5:$C$204,{1,2,3,4,5,6,7,8,9,10,11,12,13,14,15})>=2)*1)+SUMPRODUCT((COUNTIFS('Boulder Sample Log'!$B$5:$B$204,A8,'Boulder Sample Log'!$C$5:$C$204,{1,2,3,4,5,6,7,8,9,10,11,12,13,14,15})>=2)*1)+SUMPRODUCT((COUNTIFS('Boulder Sample Log'!$B$5:$B$204,A9,'Boulder Sample Log'!$C$5:$C$204,{1,2,3,4,5,6,7,8,9,10,11,12,13,14,15})>=2)*1)+SUMPRODUCT((COUNTIFS('Boulder Sample Log'!$B$5:$B$204,A10,'Boulder Sample Log'!$C$5:$C$204,{1,2,3,4,5,6,7,8,9,10,11,12,13,14,15})>=2)*1))&"/105 Grids | "&(SUMPRODUCT((COUNTIFS('Boulder Sample Log'!$B$5:$B$204,A4,'Boulder Sample Log'!$C$5:$C$204,{1,2,3,4,5,6,7,8,9,10,11,12,13,14,15})>=2)*1)+SUMPRODUCT((COUNTIFS('Boulder Sample Log'!$B$5:$B$204,A5,'Boulder Sample Log'!$C$5:$C$204,{1,2,3,4,5,6,7,8,9,10,11,12,13,14,15})>=2)*1)+SUMPRODUCT((COUNTIFS('Boulder Sample Log'!$B$5:$B$204,A6,'Boulder Sample Log'!$C$5:$C$204,{1,2,3,4,5,6,7,8,9,10,11,12,13,14,15})>=2)*1)+SUMPRODUCT((COUNTIFS('Boulder Sample Log'!$B$5:$B$204,A7,'Boulder Sample Log'!$C$5:$C$204,{1,2,3,4,5,6,7,8,9,10,11,12,13,14,15})>=2)*1)+SUMPRODUCT((COUNTIFS('Boulder Sample Log'!$B$5:$B$204,A8,'Boulder Sample Log'!$C$5:$C$204,{1,2,3,4,5,6,7,8,9,10,11,12,13,14,15})>=2)*1)+SUMPRODUCT((COUNTIFS('Boulder Sample Log'!$B$5:$B$204,A9,'Boulder Sample Log'!$C$5:$C$204,{1,2,3,4,5,6,7,8,9,10,11,12,13,14,15})>=2)*1)+SUMPRODUCT((COUNTIFS('Boulder Sample Log'!$B$5:$B$204,A10,'Boulder Sample Log'!$C$5:$C$204,{1,2,3,4,5,6,7,8,9,10,11,12,13,14,15})>=2)*1))*2&"/210 Boulders" -> 56/105 Grids | 112/210 Boulders | Q11: =(SUMPRODUCT((COUNTIFS('Boulder Sample Log'!$B$5:$B$204,A4,'Boulder Sample Log'!$C$5:$C$204,{1,2,3,4,5,6,7,8,9,10,11,12,13,14,15})>=2)*1)+SUMPRODUCT((COUNTIFS('Boulder Sample Log'!$B$5:$B$204,A5,'Boulder Sample Log'!$C$5:$C$204,{1,2,3,4,5,6,7,8,9,10,11,12,13,14,15})>=2)*1)+SUMPRODUCT((COUNTIFS('Boulder Sample Log'!$B$5:$B$204,A6,'Boulder Sample Log'!$C$5:$C$204,{1,2,3,4,5,6,7,8,9,10,11,12,13,14,15})>=2)*1)+SUMPRODUCT((COUNTIFS('Boulder Sample Log'!$B$5:$B$204,A7,'Boulder Sample Log'!$C$5:$C$204,{1,2,3,4,5,6,7,8,9,10,11,12,13,14,15})>=2)*1)+SUMPRODUCT((COUNTIFS('Boulder Sample Log'!$B$5:$B$204,A8,'Boulder Sample Log'!$C$5:$C$204,{1,2,3,4,5,6,7,8,9,10,11,12,13,14,15})>=2)*1)+SUMPRODUCT((COUNTIFS('Boulder Sample Log'!$B$5:$B$204,A9,'Boulder Sample Log'!$C$5:$C$204,{1,2,3,4,5,6,7,8,9,10,11,12,13,14,15})>=2)*1)+SUMPRODUCT((COUNTIFS('Boulder Sample Log'!$B$5:$B$204,A10,'Boulder Sample Log'!$C$5:$C$204,{1,2,3,4,5,6,7,8,9,10,11,12,13,14,15})>=2)*1))&"/105" -> 56/105
A13: Legend: | B13: ✓ = Both boulders complete | ½ = One boulder done (partial) | Blank = Not started | Updates automatically when data is entered in Boulder Sample Log

Sheet Boulder Selection Log
A1: SBMM OU1 — XRF Heterogeneity (Depth) Boulder Log
A2: 14 primary boulders per John B 5/5 update with 5/7 swap (WWRP-G15-B2 dropped — confirmed off shoreline scope; NWP-G12-B1 promoted to primary at #15). 6 non-primary + 2 alternates retained for reference. Protocol: 0–4 in. depth at 0.5 in. intervals (9 depths), 2 shots per depth (3rd if RPD > 50%). Min 18 readings per boulder.
A3: Identification | D3: Geological Subtype | H3: Surface XRF (max — from John's analysis) | K3: Surface XRF (BSL avg) | N3: Crushing Status | Q3: Depth-XRF Reading Range | T3: Documentation | X3: Depth XRF Avg
A4: # | B4: Sample ID | C4: Type (H/F) | D4: Tier | E4: Subtype Code | F4: Subtype Description | G4: Selection Reason | H4: Hg max (ppm) | I4: As max (ppm) | J4: Sb max (ppm) | K4: BSL Avg Hg | L4: BSL Avg As | M4: Geo Scrutiny (Y/N) | N4: Crushing Date | O4: Crushing By | P4: Status | Q4: XRF S/N | R4: Depth Rdg # Start | S4: Depth Rdg # End | T4: # of Depth Rdgs | U4: NCD Filename | V4: Photo Count | W4: Notes | X4: Depth Hg avg (ppm) | Y4: Depth As avg (ppm) | Z4: Depth Sb avg (ppm)
A5: 1 | B5: SBM-WWRP-G02-B2 | C5: F | D5: 1 | E5: 4 | F5: Cinnabar-mineralized (Hg-dominant) | G5: Single highest Hg in dataset. Anchors upper end of Hg leaching curve. Irreplaceable. | H5: 23796 | I5: 15 | J5: <LOD | K5: 3702.09 | L5: 4.28 | M5: Y | N5: 46147 | O5: ERRG (cut) | P5: Complete (no depth XRF) | T5: =IF(R5="","",(S5-R5+1)) | V5: 0
A6: 2 | B6: SBM-DRA-G13-B2 | C6: F | D6: 1 | E6: 4d | F6: Triple-mineralized (Hg+As+Sb) | G6: Highest Sb on site, highest Friable As. Triple-mineralized late-stage paragenesis (W&R p.405-406). Tests cross-contamination interactions. | H6: 373 | I6: 555 | J6: 632 | K6: 73.85 | L6: 222.85 | M6: Y | N6: 46147 | O6: ERRG (cut) | P6: Complete (no depth XRF) | T6: =IF(R6="","",(S6-R6+1)) | V6: 0
A7: 3 | B7: SBM-WRD-G05-B2 | C7: F | D7: 1 | E7: 4d | F7: Triple-mineralized (Hg+As+Sb) | G7: Second triple-mineralized boulder. Replicates DRA-G13-B2 mineralogy from a different area for duplicate-mineralogy comparison. | H7: 166 | I7: 207 | J7: 396 | K7: 76.37 | L7: 114.15 | M7: Y | N7: 46147 | O7: ERRG (cut) / A. Lineberger (XRF) | P7: Complete | Q7: X501203 | R7: 1549 | S7: 1566 | T7: =IF(R7="","",(S7-R7+1)) -> 18 | U7: SBM-WRD-G5-FB-B2_HeterogeneityProfile.ncd | V7: 0 | W7: Part of WRD shoreline depth XRF (primary 14 + shoreline). Boulder cut & sampled by ERRG. 18 valid readings (9 depths × 2 shots). | X7: 0.27 | Y7: 1.54 | Z7: 0
A8: 4 | B8: SBM-NWP-G14-B1 | C8: H | D8: 1 | E8: 3a | F8: Ore-zone overprinted silicified andesite | G8: Second-highest Hg in dataset. Tests Hg leaching from andesite host at extreme concentration. | H8: 2291 | I8: 11 | J8: <LOD | K8: 377.57 | L8: 3.59 | M8: Y | N8: 46147 | O8: ERRG (cut) | P8: Complete (no depth XRF) | T8: =IF(R8="","",(S8-R8+1)) | V8: 0
A9: 5 | B9: SBM-WWRP-G07-B1 | C9: H | D9: 1 | E9: 2b | F9: As-rich andesite (arsenian pyrite, no Hg) | G9: Highest As in dataset without Hg. Direct test of As-without-Hg at the high-As tail. Arsenian pyrite is the mineral. | H9: 43 | I9: 629 | J9: 52 | K9: 14.98 | L9: 353.99 | M9: Y | N9: 46147 | O9: ERRG (cut) | P9: Complete (no depth XRF) | T9: =IF(R9="","",(S9-R9+1)) | V9: 0
A10: 6 | B10: SBM-WRD-G14-B1 | C10: H | D10: 1 | E10: 3c | F10: Sb-bearing silicified andesite | G10: Only Hard boulder with all three metals coupled at meaningful concentrations. W&R p.409 boulder zone of andesite stibnite paragenesis. | H10: 335 | I10: 50 | J10: 285 | K10: 73.08 | L10: 11.68 | M10: Y | N10: 46147 | O10: ERRG (cut) / M. Gil (XRF) | P10: Complete | Q10: X500456 | R10: 492 | S10: 510 | T10: =IF(R10="","",(S10-R10+1)) -> 19 | U10: SBM-WRD-G14-G9-G1_HeterogeneityProfile.ncd | V10: 0 | W10: On HI (Herman Impoundment) side of WRD, behind fence. Not part of WRD shoreline. Boulder cut & sampled by ERRG. 18 valid readings (9 depths × 2 shots). Rdg 498 discarded (short). | X10: 2.6 | Y10: 25.44 | Z10: 0
A11: 7 | B11: SBM-WWRP-G15-B2 | C11: F | D11: 1 | E11: 5b | F11: Mineralized silicified chert | G11: Third-highest Sb (466 ppm) in chert host. Mineralogically distinct from metagraywacke triple-mineralized. Sb-in-chert otherwise unrepresented. | H11: 252 | I11: 4 | J11: 466 | K11: 74.2 | L11: 0.5 | M11: Y | P11: Dropped | T11: =IF(R11="","",(S11-R11+1)) | V11: 0 | Z11: DROPPED 5/7 per Kat: confirmed not part of west ore pile depth-XRF scope; toe of west ore pile, off shoreline.
A12: 8 | B12: SBM-DRA-G01-B1 | C12: H | D12: 1 | E12: 1a | F12: Aragonite-calcite hot-spring sinter | G12: Sb-without-Hg endmember (W&R p.405). Worst-case Sb leaching per Avanza 2022: aragonite-calcite, no Fe sulfides, no HFO buffering. | H12: <LOD | I12: 2 | J12: 63 | K12: 111.04 | L12: 0.14 | M12: Y | N12: 46148 | O12: ERRG (cut) | P12: Complete (no depth XRF) | T12: =IF(R12="","",(S12-R12+1)) | V12: 0
A13: 9 | B13: SBM-NWWRP-G07-B1 | C13: H | D13: 1 | E13: 1b | F13: Dolomite-bearing carbonate (NEW) | G13: Mg/Ca ratio 0.19 indicates dolomite-bearing carbonate, distinct from DRA aragonite sinter. Sb 85 ppm at 100% spot detection (10/10). Tests Sb leaching from dolomite matrix. Required because NWWRP carbonate population was unrepresented in prior list. | H13: 13 | I13: 85 | J13: 85 | K13: 7.14 | L13: 4.46 | M13: Y | N13: 46147 | O13: ERRG (cut) | P13: Complete (no depth XRF) | T13: =IF(R13="","",(S13-R13+1)) | V13: 0
A14: 10 | B14: SBM-NWP-G08-B1 | C14: H | D14: 2 | E14: 4e | F14: Massive iron-sulfide ore (NEW) | G14: NEW SUBTYPE. Fe 126k + S 44k chemistry indicates massive pyrite ore with cinnabar overprint. Hg 114 ppm at 100% detection. Tests Hg leaching from Fe-sulfide-dominated matrix. Pyrite oxidation drives Avanza 2022 acid-generation framework. | H14: 114 | I14: 2 | J14: 4 | K14: 43.87 | L14: 0 | M14: Y | N14: 46147 | O14: ERRG (cut) | P14: Complete (no depth XRF) | T14: =IF(R14="","",(S14-R14+1)) | V14: 0
A15: 11 | B15: SBM-NWRP-G12-B2 | C15: F | D15: 2 | E15: 4c | F15: Sb-dominant or As+Sb decoupled from Hg | G15: NWRP outlier with Sb elevated together while Hg suppressed. Closest SBMM analog to Avanza 2022 Mt. Avanza realgar+stibnite assemblage. Extremely high S median (~106k) suggests pyrite-rich matrix. | H15: 17 | I15: 134 | J15: 144 | K15: 10.4 | L15: 45.23 | M15: Y | N15: 46147 | O15: ERRG (cut) | P15: Complete (no depth XRF) | T15: =IF(R15="","",(S15-R15+1)) | V15: 0
A16: 12 | B16: SBM-NWP-G13-B1 | C16: H | D16: 2 | E16: 6 | F16: Silica-carbonate (Coast Range type) | G16: Si 158k + Ca 29k + Al/Fe near zero + Sb 94 ppm. New rock type chemistry resembles California Coast Range silica-carbonate Hg deposits (Rytuba 2003 type). Sb 94 ppm at 100% detection, fourth-highest Sb of dataset. Lithologically unique. | H16: <LOD | I16: 28 | J16: 94 | K16: 13.77 | L16: 12.46 | M16: Y | N16: 46146 | O16: ERRG (cut) / M. Gil (XRF) | P16: Complete | Q16: X500456 | R16: 470 | S16: 487 | T16: =IF(R16="","",(S16-R16+1)) -> 18 | U16: SBM-NWP-G13-HB-HeterogeneityProfile.ncd | V16: 0 | W16: Done as proof-of-concept depth profile. Boulder cut and sampled by ERRG. All 18 readings clean, no discards. Boulder very low Hg/As at all depths. | X16: 0.4 | Y16: 0 | Z16: 0
A17: 13 | B17: SBM-DRA-G10-B1 | C17: F | D17: 2 | E17: 3a | F17: Ore-zone overprinted silicified andesite | G17: Highest Hg in DRA Hard. Fills mid-range Hg position between WRD-G14-B1 (335) and NWP-G14-B1 (2,291). | H17: 698 | I17: 13 | J17: 4 | K17: 118.61 | L17: 0.07 | M17: N | N17: 46148 | O17: ERRG (cut) | P17: Complete (no depth XRF) | T17: =IF(R17="","",(S17-R17+1)) | V17: 0
A18: 14 | B18: SBM-SWRP-G08-B2 | C18: F | D18: 2 | E18: 4b | F18: Cinnabar-mineralized (Hg-dominant) | G18: Highest Hg in SWRP. Cleanest cinnabar-only Friable representative; isolates cinnabar Hg release rate from triple-mineralized matrix. | H18: 529 | I18: 11 | J18: 8 | K18: 122.93 | L18: 1.79 | M18: N | N18: 46147 | O18: ERRG (cut) | P18: Complete (no depth XRF) | T18: =IF(R18="","",(S18-R18+1)) | V18: 0
A19: 15 | B19: SBM-NWP-G12-B1 | C19: H | D19: 2 | E19: 3a | F19: Ore-zone overprinted silicified andesite | G19: Added per John B 5/5. Promoted to primary 14 on 5/7 after WWRP-G15 confirmed out (toe of west ore pile, off shoreline scope). Replaces WWRP-G15-B2 in primary scope. | H19: 768 | I19: 11 | J19: 7 | M19: N | N19: 46149 | O19: ERRG (cut) | P19: Pending | V19: 0
A20: 16 | B20: SBM-WRD-G09-B2 | C20: F | D20: 2 | E20: 4c | F20: Sb-dominant or As+Sb decoupled from Hg | G20: 100% Sb spot detection (10/10) at 111 ppm. Cleanest representation of testing bulk-distributed vs point-mineralized Sb leaching. | H20: 6 | I20: 23 | J20: 111 | K20: 2.32 | L20: 10.49 | M20: N | N20: 46147 | O20: ERRG (cut) / M. Gil (XRF) | P20: Complete | Q20: X500456 | R20: 511 | S20: 528 | T20: =IF(R20="","",(S20-R20+1)) -> 18 | U20: SBM-WRD-G14-G9-G1_HeterogeneityProfile.ncd | V20: 0 | W20: EXTRA depth profile (not on primary 1-14 list). 18 valid readings. | X20: 0 | Y20: 1.84 | Z20: 0
A21: 17 | B21: SBM-NWRP-G05-B1 | C21: F | D21: 2 | E21: 3a | F21: Argillic alteration without ore overprint | G21: Only Tier 2 boulder targeting alteration mineralogy. Tests K-Al-S assemblage (alunite/jarosite/zeolite-S per W&R p.408) without ore-zone confounding. | H21: 4 | I21: <LOD | J21: <LOD | K21: 15.68 | L21: 7.07 | M21: N | P21: Out of scope | T21: =IF(R21="","",(S21-R21+1)) | V21: 0
A22: 18 | B22: SBM-WWRP-G03-B1 | C22: H | D22: 2 | E22: 3a | F22: Ore-zone overprinted silicified andesite | G22: Tests whether As-in-andesite leaches together with Hg from a single boulder. Complementary to WWRP-G07-B1 (As-only). | H22: 224 | I22: 128 | J22: 47 | K22: 46.5 | L22: 31.38 | M22: N | P22: Out of scope | T22: =IF(R22="","",(S22-R22+1)) | V22: 0
A23: 19 | B23: SBM-NWRP-G07-B1 | C23: H | D23: 2 | E23: 3a | F23: Ore-zone overprinted silicified andesite | G23: NWRP geographic representative for high-Hg ore-zone andesite. NWRP previously underrepresented in Hard high-Hg category. | H23: 275 | I23: 17 | J23: 4 | K23: 66.15 | L23: 6.86 | M23: N | P23: Out of scope | T23: =IF(R23="","",(S23-R23+1)) | V23: 0
A24: 20 | B24: SBM-WRD-G01-B2 | C24: F | D24: 3 | E24: 1a | F24: Aragonite-calcite hot-spring sinter (As-bearing variant) | G24: Sinter chemistry (Si+Ca dominant) but with anomalous As 285 ppm and Sb 39 ppm at 100% detection. Tests As+Sb co-leaching from carbonate matrix without cinnabar. | H24: <LOD | I24: 285 | J24: 39 | K24: 34.27 | L24: 89.47 | M24: Y | N24: 46147 | O24: ERRG (cut) / M. Gil (XRF) | P24: Complete | Q24: X500456 | R24: 529 | S24: 547 | T24: =IF(R24="","",(S24-R24+1)) -> 19 | U24: SBM-WRD-G14-G9-G1_HeterogeneityProfile.ncd | V24: 0 | W24: EXTRA depth profile (not on primary 1-14 list). 19 valid readings. Rdg 546 flagged short (91s) but kept. | X24: 2.93 | Y24: 0 | Z24: 0
A25: 21 | B25: SBM-NWRP-G09-B1 | C25: F | D25: 3 | E25: 2a | F25: Fresh/propylitic andesite (background) | G25: Anchors low end of all three leaching curves. Field team picks final boulder based on Hg <LOD across all 5 spots in next data drop. (Alt: WRD-G09-B1.) | H25: <5 | I25: <5 | J25: <LOD | K25: 0.3 | L25: 12.56 | M25: N | P25: Out of scope | T25: =IF(R25="","",(S25-R25+1)) | V25: 0
A26: Alt 1 | B26: SBM-SWRP-G02-B1 | C26: F | D26: Alt | E26: 2b | F26: As-rich andesite (arsenian pyrite, no Hg) | G26: Geographic confirmation of As-without-Hg signal in SWRP at lower concentration than WWRP-G07-B1. Brings SWRP coverage to 2 boulders. | H26: 5 | I26: 63 | J26: 4 | K26: 0.73 | L26: 31.05 | M26: N | P26: Out of scope | T26: =IF(R26="","",(S26-R26+1)) | V26: 0
A27: Alt 2 | B27: SBM-NWP-G05-B2 | C27: F | D27: Alt | E27: 5a | F27: Background silicified chert | G27: Background silicified chert. Pairs with WWRP-G15-B2 (Tier 1) for chert-host comparison and bracketed leaching curve. | H27: 91 | I27: <LOD | J27: <LOD | K27: 22.08 | L27: 0 | M27: N | P27: Out of scope | T27: =IF(R27="","",(S27-R27+1)) | V27: 0
A28: Shoreline | B28: SBM-WRD-G1-HB-B1 | C28: H | D28: Shoreline | E28: ? | F28: WRD shoreline (off primary 14) | G28: WRD shoreline depth XRF — added 5/7 per Kat+Adam confirmation that shoreline coverage extends beyond primary 14. | M28: N | N28: 46148 | O28: ERRG (cut) / A. Lineberger (XRF) | P28: Complete | Q28: X501203 | R28: 1636 | S28: 1656 | T28: =IF(R28="","",(S28-R28+1)) -> 21 | U28: SBM-WRD-G1-G5-G2-G4_Depth_X501203_05072026.ncd | V28: 0 | W28: WRD shoreline depth XRF (off primary 14). 19 valid readings. | X28: 5.4 | Y28: 0 | Z28: 0
A29: Shoreline | B29: SBM-WRD-G5-HB-B1 | C29: H | D29: Shoreline | E29: ? | F29: WRD shoreline (off primary 14) | G29: WRD shoreline depth XRF — added 5/7 per Kat+Adam confirmation that shoreline coverage extends beyond primary 14. | M29: N | N29: 46148 | O29: ERRG (cut) / A. Lineberger (XRF) | P29: Complete | Q29: X501203 | R29: 1657 | S29: 1680 | T29: =IF(R29="","",(S29-R29+1)) -> 24 | U29: SBM-WRD-G1-G5-G2-G4_Depth_X501203_05072026.ncd | V29: 0 | W29: WRD shoreline depth XRF (off primary 14). 21 valid readings. | X29: 6.99 | Y29: 0 | Z29: 0
A30: Shoreline | B30: SBM-WRD-G2-HB-B1 | C30: H | D30: Shoreline | E30: ? | F30: WRD shoreline (off primary 14) | G30: WRD shoreline depth XRF — added 5/7 per Kat+Adam confirmation that shoreline coverage extends beyond primary 14. | M30: N | N30: 46148 | O30: ERRG (cut) / A. Lineberger (XRF) | P30: Complete | Q30: X501203 | R30: 1681 | S30: 1702 | T30: =IF(R30="","",(S30-R30+1)) -> 22 | U30: SBM-WRD-G1-G5-G2-G4_Depth_X501203_05072026.ncd | V30: 0 | W30: WRD shoreline depth XRF (off primary 14). 19 valid readings. | X30: 5.42 | Y30: 0 | Z30: 0
A31: Shoreline | B31: SBM-WRD-G4-FB-B2 | C31: F | D31: Shoreline | E31: ? | F31: WRD shoreline (off primary 14) | G31: WRD shoreline depth XRF — added 5/7 per Kat+Adam confirmation that shoreline coverage extends beyond primary 14. | M31: N | N31: 46148 | O31: ERRG (cut) / A. Lineberger (XRF) | P31: Complete | Q31: X501203 | R31: 1703 | S31: 1722 | T31: =IF(R31="","",(S31-R31+1)) -> 20 | U31: SBM-WRD-G1-G5-G2-G4_Depth_X501203_05072026.ncd | V31: 0 | W31: WRD shoreline depth XRF (off primary 14). 18 valid readings. | X31: 5.78 | Y31: 12.15 | Z31: 0
A32: Shoreline | B32: SBM-WRD-G3-HB-B1 | C32: H | D32: Shoreline | E32: ? | F32: WRD shoreline (off primary 14) | G32: WRD shoreline depth XRF — added 5/7 per Kat+Adam confirmation that shoreline coverage extends beyond primary 14. | M32: N | N32: 46148 | O32: ERRG (cut) / M. Gil (XRF) | P32: Complete | Q32: X500456 | R32: 578 | S32: 596 | T32: =IF(R32="","",(S32-R32+1)) -> 19 | U32: SBM-WRD-G2-G3-G4_Depth_X500456_05072026.ncd | V32: 0 | W32: WRD shoreline depth XRF (off primary 14). 18 valid readings. | X32: 3.41 | Y32: 0 | Z32: 0
A33: Shoreline | B33: SBM-WRD-G4-HB-B1 | C33: H | D33: Shoreline | E33: ? | F33: WRD shoreline (off primary 14) | G33: WRD shoreline depth XRF — added 5/7 per Kat+Adam confirmation that shoreline coverage extends beyond primary 14. | M33: N | N33: 46148 | O33: ERRG (cut) / M. Gil (XRF) | P33: Complete | Q33: X500456 | R33: 597 | S33: 614 | T33: =IF(R33="","",(S33-R33+1)) -> 18 | U33: SBM-WRD-G2-G3-G4_Depth_X500456_05072026.ncd | V33: 0 | W33: WRD shoreline depth XRF (off primary 14). 18 valid readings. | X33: 0 | Y33: 0 | Z33: 0
A34: Shoreline | B34: SBM-WRD-G2-HB-B2 | C34: H | D34: Shoreline | E34: ? | F34: WRD shoreline (off primary 14) | G34: WRD shoreline depth XRF — added 5/7 per Kat+Adam confirmation that shoreline coverage extends beyond primary 14. | M34: N | N34: 46148 | O34: ERRG (cut) / M. Gil (XRF) | P34: Complete | Q34: X500456 | R34: 615 | S34: 634 | T34: =IF(R34="","",(S34-R34+1)) -> 20 | U34: SBM-WRD-G2-G3-G4_Depth_X500456_05072026.ncd | V34: 0 | W34: WRD shoreline depth XRF (off primary 14). 18 valid readings. | X34: 4.31 | Y34: 0 | Z34: 0
A35: Shoreline | B35: SBM-WRD-G3-HB-B2 | C35: H | D35: Shoreline | E35: ? | F35: WRD shoreline (off primary 14) | G35: WRD shoreline depth XRF — added 5/7 per Kat+Adam confirmation that shoreline coverage extends beyond primary 14. | M35: N | N35: 46148 | O35: ERRG (cut) / M. Gil (XRF) | P35: Complete | Q35: X500456 | R35: 641 | S35: 658 | T35: =IF(R35="","",(S35-R35+1)) -> 18 | U35: SBM-WRD-G2-G3-G4_Depth_X500456_05072026.ncd | V35: 0 | W35: WRD shoreline depth XRF (off primary 14). 18 valid readings. | X35: 4.81 | Y35: 3.29 | Z35: 0
A36: Shoreline | B36: SBM-WRD-G08-HB-B1 | C36: H | D36: Shoreline | E36: ? | F36: WRD shoreline (off primary 14) | G36: WRD shoreline depth XRF — added 5/8 per Kat+Adam confirmation that shoreline coverage extends beyond primary 14. | M36: N | N36: 46148 | O36: ERRG (cut) / M. Gil (XRF) | P36: Complete | Q36: X500456 | R36: 664 | S36: 681 | T36: =IF(R36="","",(S36-R36+1)) -> 18 | U36: 2026-05-08_WRD-G11-G8-G9-G10-G6-G7_X500456.ncd | V36: 0 | W36: WRD shoreline depth XRF — 5/8 (off primary 14). 18 valid readings. | X36: 5.07 | Y36: 23.91 | Z36: 24.4
A37: Shoreline | B37: SBM-WRD-G09-HB-B1 | C37: H | D37: Shoreline | E37: ? | F37: WRD shoreline (off primary 14) | G37: WRD shoreline depth XRF — added 5/8 per Kat+Adam confirmation that shoreline coverage extends beyond primary 14. | M37: N | N37: 46148 | O37: ERRG (cut) / M. Gil (XRF) | P37: Complete | Q37: X500456 | R37: 682 | S37: 699 | T37: =IF(R37="","",(S37-R37+1)) -> 18 | U37: 2026-05-08_WRD-G11-G8-G9-G10-G6-G7_X500456.ncd | V37: 0 | W37: WRD shoreline depth XRF — 5/8 (off primary 14). 18 valid readings. | X37: 0 | Y37: 0 | Z37: 0
A38: Shoreline | B38: SBM-WRD-G10-HB-B1 | C38: H | D38: Shoreline | E38: ? | F38: WRD shoreline (off primary 14) | G38: WRD shoreline depth XRF — added 5/8 per Kat+Adam confirmation that shoreline coverage extends beyond primary 14. | M38: N | N38: 46148 | O38: ERRG (cut) / M. Gil (XRF) | P38: Complete | Q38: X500456 | R38: 700 | S38: 717 | T38: =IF(R38="","",(S38-R38+1)) -> 18 | U38: 2026-05-08_WRD-G11-G8-G9-G10-G6-G7_X500456.ncd | V38: 0 | W38: WRD shoreline depth XRF — 5/8 (off primary 14). 18 valid readings. | X38: 2.99 | Y38: 0 | Z38: 0
A39: Shoreline | B39: SBM-WRD-G06-HB-B1 | C39: H | D39: Shoreline | E39: ? | F39: WRD shoreline (off primary 14) | G39: WRD shoreline depth XRF — added 5/8 per Kat+Adam confirmation that shoreline coverage extends beyond primary 14. | M39: N | N39: 46148 | O39: ERRG (cut) / M. Gil (XRF) | P39: Complete | Q39: X500456 | R39: 718 | S39: 737 | T39: =IF(R39="","",(S39-R39+1)) -> 20 | U39: 2026-05-08_WRD-G11-G8-G9-G10-G6-G7_X500456.ncd | V39: 0 | W39: WRD shoreline depth XRF — 5/8 (off primary 14). 19 valid readings. | X39: 11.42 | Y39: 3.67 | Z39: 0
... A48: Shoreline | B48: SBM-WRD-G12-HB-B2 | C48: H | D48: Shoreline | E48: ? | F48: WRD shoreline (off primary 14) | G48: WRD shoreline depth XRF — added 5/8 per Kat+Adam confirmation that shoreline coverage extends beyond primary 14. | M48: N | N48: 46148 | O48: ERRG (cut) / A. Lineberger (XRF) | P48: Complete | Q48: X501203 | R48: 1849 | S48: 1867 | T48: =IF(R48="","",(S48-R48+1)) -> 19 | U48: 2026-05-08_WRD-G12-G11-G12-G6-G10-G8-G7_X501203.ncd | V48: 0 | W48: WRD shoreline depth XRF — 5/8 (off primary 14). 18 valid readings. | X48: 4.79 | Y48: 23.68 | Z48: 0

Sheet Depth XRF Detail
A1: SBMM OU1 — Heterogeneity (Depth) XRF Reading Detail
A2: Per-reading log of depth-XRF data. Protocol: 9 depths (0, 0.5, 1, 1.5, 2, 2.5, 3, 3.5, 4 in.), 2 shots per depth (3rd if RPD > 50%). Min 18 readings per boulder.
A3: Identification | F3: Element Results (ppm) | O3: Instrument
A4: Sample ID | B4: Date | C4: XRF Rdg # | D4: Depth (in) | E4: Replicate # | F4: Hg (ppm) | G4: As (ppm) | H4: Pb (ppm) | I4: Sb (ppm) | J4: Fe (ppm) | K4: Mn (ppm) | L4: S (ppm) | M4: Zn (ppm) | N4: Cu (ppm) | O4: Duration (sec) | P4: Notes | Q4: XRF S/N
A5: SBM-NWP-G13-B1 | B5: 46146 | C5: 470 | D5: 0 | E5: 1 | F5: 3.8421 | G5: <LOD | H5: 8.3902 | I5: <LOD | J5: 39740.129 | K5: 533.946 | L5: 13153.525 | M5: 38.077 | N5: 12.744 | O5: 120.42 | Q5: X500456
A6: SBM-NWP-G13-B1 | B6: 46146 | C6: 471 | D6: 0 | E6: 2 | F6: <LOD | G6: <LOD | H6: 9.5204 | I6: <LOD | J6: 39224.121 | K6: 575.1583 | L6: 11461.96 | M6: 36.4765 | N6: 8.7088 | O6: 120.55 | Q6: X500456
A7: SBM-NWP-G13-B1 | B7: 46146 | C7: 472 | D7: 0.5 | E7: 1 | F7: <LOD | G7: <LOD | H7: 8.834 | I7: <LOD | J7: 66346.461 | K7: 1197.7804 | L7: 19632.732 | M7: 118.4539 | N7: 12.2625 | O7: 120.86 | Q7: X500456
A8: SBM-NWP-G13-B1 | B8: 46146 | C8: 473 | D8: 0.5 | E8: 2 | F8: 3.4389 | G8: <LOD | H8: 6.3213 | I8: <LOD | J8: 65592.016 | K8: 1098.7555 | L8: 20289.467 | M8: 109.811 | N8: 12.9938 | O8: 120.47 | Q8: X500456
A9: SBM-NWP-G13-B1 | B9: 46146 | C9: 474 | D9: 1 | E9: 1 | F9: <LOD | G9: <LOD | H9: 7.4455 | I9: <LOD | J9: 35311.988 | K9: 550.9173 | L9: 13779.785 | M9: 33.8108 | N9: 7.5547 | O9: 120.43 | Q9: X500456
A10: SBM-NWP-G13-B1 | B10: 46146 | C10: 475 | D10: 1 | E10: 2 | F10: <LOD | G10: <LOD | H10: 6.5019 | I10: <LOD | J10: 35494.52 | K10: 597.5988 | L10: 13859.841 | M10: 30.0574 | N10: 6.5188 | O10: 120.63 | Q10: X500456
A11: SBM-NWP-G13-B1 | B11: 46146 | C11: 476 | D11: 1.5 | E11: 1 | F11: <LOD | G11: <LOD | H11: 6.1542 | I11: <LOD | J11: 37974.965 | K11: 660.7593 | L11: 17396.856 | M11: 215.7786 | N11: 9.6341 | O11: 120.6 | Q11: X500456
A12: SBM-NWP-G13-B1 | B12: 46146 | C12: 477 | D12: 1.5 | E12: 2 | F12: <LOD | G12: <LOD | H12: 5.5656 | I12: <LOD | J12: 38401.422 | K12: 721.5241 | L12: 18680.935 | M12: 189.437 | N12: 13.9622 | O12: 120.52 | Q12: X500456
A13: SBM-NWP-G13-B1 | B13: 46146 | C13: 478 | D13: 2 | E13: 1 | F13: <LOD | G13: <LOD | H13: 8.4327 | I13: <LOD | J13: 46304.312 | K13: 984.6539 | L13: 11625.978 | M13: 115.526 | N13: 18.3123 | O13: 120.57 | Q13: X500456
A14: SBM-NWP-G13-B1 | B14: 46146 | C14: 479 | D14: 2 | E14: 2 | F14: <LOD | G14: <LOD | H14: 8.302 | I14: <LOD | J14: 48203.355 | K14: 919.3391 | L14: 8606.6553 | M14: 128.7596 | N14: 10.9265 | O14: 125.7 | Q14: X500456
A15: SBM-NWP-G13-B1 | B15: 46146 | C15: 480 | D15: 2.5 | E15: 1 | F15: <LOD | G15: <LOD | H15: 5.7416 | I15: <LOD | J15: 47094.605 | K15: 977.8757 | L15: 9458.5957 | M15: 51.9412 | N15: 11.792 | O15: 120.09 | Q15: X500456
A16: SBM-NWP-G13-B1 | B16: 46146 | C16: 481 | D16: 2.5 | E16: 2 | F16: <LOD | G16: <LOD | H16: 7.8428 | I16: <LOD | J16: 46772.57 | K16: 948.879 | L16: 9237.1113 | M16: 52.6177 | N16: 12.1512 | O16: 126.62 | Q16: X500456
A17: SBM-NWP-G13-B1 | B17: 46146 | C17: 482 | D17: 3 | E17: 1 | F17: <LOD | G17: <LOD | H17: 7.5822 | I17: <LOD | J17: 41407.984 | K17: 913.8663 | L17: 8777.2881 | M17: 42.5496 | N17: 11.3946 | O17: 120.48 | Q17: X500456
A18: SBM-NWP-G13-B1 | B18: 46146 | C18: 483 | D18: 3 | E18: 2 | F18: <LOD | G18: <LOD | H18: 6.5806 | I18: <LOD | J18: 39929.32 | K18: 849.3502 | L18: 11132.276 | M18: 45.4745 | N18: 12.3944 | O18: 120.84 | Q18: X500456
A19: SBM-NWP-G13-B1 | B19: 46146 | C19: 484 | D19: 3.5 | E19: 1 | F19: <LOD | G19: <LOD | H19: 5.9039 | I19: <LOD | J19: 39113.344 | K19: 735.0137 | L19: 5916.127 | M19: 49.3085 | N19: 6.2847 | O19: 125.91 | Q19: X500456
A20: SBM-NWP-G13-B1 | B20: 46146 | C20: 485 | D20: 3.5 | E20: 2 | F20: <LOD | G20: <LOD | H20: 4.0155 | I20: <LOD | J20: 35111.664 | K20: 658.9707 | L20: 6064.7573 | M20: 42.3523 | N20: <LOD | O20: 120.58 | Q20: X500456
A21: SBM-NWP-G13-B1 | B21: 46146 | C21: 486 | D21: 4 | E21: 1 | F21: <LOD | G21: <LOD | H21: 6.8418 | I21: <LOD | J21: 35307.117 | K21: 686.2459 | L21: 8269.3467 | M21: 69.7777 | N21: 13.203 | O21: 120.15 | Q21: X500456
A22: SBM-NWP-G13-B1 | B22: 46146 | C22: 487 | D22: 4 | E22: 2 | F22: <LOD | G22: <LOD | H22: 6.2826 | I22: <LOD | J22: 34003.289 | K22: 655.9318 | L22: 8772.5469 | M22: 73.0832 | N22: 8.0722 | O22: 120.79 | Q22: X500456
A23: SBM-WRD-G14-B1 | B23: 46147 | C23: 492 | D23: 0 | E23: 1 | F23: 8.289 | G23: 13.3312 | H23: 5.6567 | I23: <LOD | J23: 42347.969 | K23: 346.8341 | L23: 6423.5444 | M23: 55.8339 | N23: 17.93 | O23: 120.55 | P23: WRD HI (Herman Impoundment) side — primary 14, not shoreline | Q23: X500456
A24: SBM-WRD-G14-B1 | B24: 46147 | C24: 493 | D24: 0 | E24: 2 | F24: 9.1431 | G24: 14.6853 | H24: 8.0733 | I24: <LOD | J24: 44429.012 | K24: 309.3794 | L24: 7393.8315 | M24: 61.746 | N24: 16.1493 | O24: 126.18 | P24: WRD HI (Herman Impoundment) side — primary 14, not shoreline | Q24: X500456
A25: SBM-WRD-G14-B1 | B25: 46147 | C25: 494 | D25: 0.5 | E25: 1 | F25: 6.4102 | G25: 13.4489 | H25: 11.5394 | I25: <LOD | J25: 136561.58 | K25: 647.9505 | L25: 8470.2773 | M25: 119.8438 | N25: 8.7004 | O25: 126.29 | P25: WRD HI (Herman Impoundment) side — primary 14, not shoreline | Q25: X500456
A26: SBM-WRD-G14-B1 | B26: 46147 | C26: 495 | D26: 0.5 | E26: 2 | F26: 4.7659 | G26: 17.2195 | H26: 8.717 | I26: <LOD | J26: 147544.31 | K26: 772.5323 | L26: 9847.708 | M26: 131.521 | N26: 14.7477 | O26: 120.59 | P26: WRD HI (Herman Impoundment) side — primary 14, not shoreline | Q26: X500456
A27: SBM-WRD-G14-B1 | B27: 46147 | C27: 496 | D27: 1 | E27: 1 | F27: 3.6709 | G27: 8.2064 | H27: 3.5774 | I27: <LOD | J27: 122062.2 | K27: 522.3426 | L27: 6001.3877 | M27: 128.6786 | N27: <LOD | O27: 126.12 | P27: WRD HI (Herman Impoundment) side — primary 14, not shoreline | Q27: X500456
A28: SBM-WRD-G14-B1 | B28: 46147 | C28: 497 | D28: 1 | E28: 2 | F28: 4.4725 | G28: 9.3357 | H28: 4.0424 | I28: <LOD | J28: 117256.77 | K28: 533.0331 | L28: 6093.186 | M28: 135.3475 | N28: <LOD | O28: 126.51 | P28: WRD HI (Herman Impoundment) side — primary 14, not shoreline | Q28: X500456
A29: SBM-WRD-G14-B1 | B29: 46147 | C29: 499 | D29: 1.5 | E29: 1 | F29: 5.4602 | G29: 56.351 | H29: 4.9645 | I29: <LOD | J29: 159981.27 | K29: 594.9182 | L29: 5255.9175 | M29: 70.716 | N29: <LOD | O29: 120.85 | P29: WRD HI (Herman Impoundment) side — primary 14, not shoreline | Q29: X500456
A30: SBM-WRD-G14-B1 | B30: 46147 | C30: 500 | D30: 1.5 | E30: 2 | F30: <LOD | G30: 53.0407 | H30: <LOD | I30: <LOD | J30: 159633.94 | K30: 618.7075 | L30: 4458.2773 | M30: 70.8077 | N30: <LOD | O30: 126.35 | P30: WRD HI (Herman Impoundment) side — primary 14, not shoreline | Q30: X500456
A31: SBM-WRD-G14-B1 | B31: 46147 | C31: 501 | D31: 2 | E31: 1 | F31: <LOD | G31: 21.7447 | H31: 5.4205 | I31: <LOD | J31: 96170.625 | K31: 569.3111 | L31: 4625.8081 | M31: 30.8099 | N31: <LOD | O31: 120.87 | P31: WRD HI (Herman Impoundment) side — primary 14, not shoreline | Q31: X500456
A32: SBM-WRD-G14-B1 | B32: 46147 | C32: 502 | D32: 2 | E32: 2 | F32: 4.5833 | G32: 30.3534 | H32: 6.6489 | I32: <LOD | J32: 100529.81 | K32: 465.2324 | L32: 8014.9072 | M32: 41.1256 | N32: <LOD | O32: 120.68 | P32: WRD HI (Herman Impoundment) side — primary 14, not shoreline | Q32: X500456
A33: SBM-WRD-G14-B1 | B33: 46147 | C33: 503 | D33: 2.5 | E33: 1 | F33: <LOD | G33: 30.6314 | H33: <LOD | I33: <LOD | J33: 100697.77 | K33: 908.1566 | L33: 4617.6138 | M33: 34.6397 | N33: <LOD | O33: 125.93 | P33: WRD HI (Herman Impoundment) side — primary 14, not shoreline | Q33: X500456
A34: SBM-WRD-G14-B1 | B34: 46147 | C34: 504 | D34: 2.5 | E34: 2 | F34: <LOD | G34: 25.4187 | H34: 3.1188 | I34: <LOD | J34: 85248.938 | K34: 468.885 | L34: 5494.4692 | M34: 33.7079 | N34: <LOD | O34: 120.03 | P34: WRD HI (Herman Impoundment) side — primary 14, not shoreline | Q34: X500456
A35: SBM-WRD-G14-B1 | B35: 46147 | C35: 505 | D35: 3 | E35: 1 | F35: <LOD | G35: 31.931 | H35: 3.3315 | I35: <LOD | J35: 103909.1 | K35: 720.1469 | L35: 4608.002 | M35: 20.8329 | N35: <LOD | O35: 126.27 | P35: WRD HI (Herman Impoundment) side — primary 14, not shoreline | Q35: X500456
A36: SBM-WRD-G14-B1 | B36: 46147 | C36: 506 | D36: 3 | E36: 2 | F36: <LOD | G36: 26.6263 | H36: 7.8802 | I36: <LOD | J36: 100343.09 | K36: 960.9385 | L36: 4262.9473 | M36: 31.9614 | N36: 16.5988 | O36: 125.82 | P36: WRD HI (Herman Impoundment) side — primary 14, not shoreline | Q36: X500456
A37: SBM-WRD-G14-B1 | B37: 46147 | C37: 507 | D37: 3.5 | E37: 1 | F37: <LOD | G37: 26.6793 | H37: 4.2068 | I37: <LOD | J37: 141799.2 | K37: 3317.6282 | L37: 3514.6111 | M37: 31.4884 | N37: 16.0842 | O37: 120.45 | P37: WRD HI (Herman Impoundment) side — primary 14, not shoreline | Q37: X500456
A38: SBM-WRD-G14-B1 | B38: 46147 | C38: 508 | D38: 3.5 | E38: 2 | F38: <LOD | G38: 36.4434 | H38: 3.2747 | I38: <LOD | J38: 128793.3 | K38: 1448.3392 | L38: 4289.4287 | M38: 31.1081 | N38: 15.6635 | O38: 126.22 | P38: WRD HI (Herman Impoundment) side — primary 14, not shoreline | Q38: X500456
A39: SBM-WRD-G14-B1 | B39: 46147 | C39: 509 | D39: 4 | E39: 1 | F39: <LOD | G39: 20.608 | H39: 4.1812 | I39: <LOD | J39: 115231.96 | K39: 748.6499 | L39: 5544.1592 | M39: 31.9824 | N39: 12.5524 | O39: 126.02 | P39: WRD HI (Herman Impoundment) side — primary 14, not shoreline | Q39: X500456
A40: SBM-WRD-G14-B1 | B40: 46147 | C40: 510 | D40: 4 | E40: 2 | F40: <LOD | G40: 21.7792 | H40: <LOD | I40: <LOD | J40: 119223.17 | K40: 811.8404 | L40: 4473.7505 | M40: 34.3325 | N40: 5.8306 | O40: 125.93 | P40: WRD HI (Herman Impoundment) side — primary 14, not shoreline | Q40: X500456
A41: SBM-WRD-G09-B2 | B41: 46147 | C41: 511 | D41: 0 | E41: 1 | F41: <LOD | G41: 3.3411 | H41: 5.4803 | I41: <LOD | J41: 36659.32 | K41: 460.1678 | L41: 987.9394 | M41: 38.2574 | N41: <LOD | O41: 125.95 | P41: WRD shoreline depth XRF | Q41: X500456
A42: SBM-WRD-G09-B2 | B42: 46147 | C42: 512 | D42: 0 | E42: 2 | F42: <LOD | G42: 2.9363 | H42: 6.0504 | I42: <LOD | J42: 35698.281 | K42: 455.0035 | L42: 1141.0021 | M42: 32.9541 | N42: 6.3418 | O42: 125.84 | P42: WRD shoreline depth XRF | Q42: X500456
A43: SBM-WRD-G09-B2 | B43: 46147 | C43: 513 | D43: 0.5 | E43: 1 | F43: <LOD | G43: 1.8797 | H43: 5.0981 | I43: <LOD | J43: 34271.938 | K43: 607.9095 | L43: 719.7706 | M43: 47.5554 | N43: 7.9309 | O43: 120.09 | P43: WRD shoreline depth XRF | Q43: X500456
A44: SBM-WRD-G09-B2 | B44: 46147 | C44: 514 | D44: 0.5 | E44: 2 | F44: <LOD | G44: 2.3344 | H44: 8.3933 | I44: <LOD | J44: 34846.137 | K44: 631.1599 | L44: 983.2649 | M44: 51.2907 | N44: 9.9743 | O44: 126.04 | P44: WRD shoreline depth XRF | Q44: X500456
A45: SBM-WRD-G09-B2 | B45: 46147 | C45: 515 | D45: 1 | E45: 1 | F45: <LOD | G45: 1.3516 | H45: 6.7797 | I45: <LOD | J45: 44449.664 | K45: 806.9088 | L45: 594.6041 | M45: 40.4401 | N45: <LOD | O45: 120.1 | P45: WRD shoreline depth XRF | Q45: X500456
A46: SBM-WRD-G09-B2 | B46: 46147 | C46: 516 | D46: 1 | E46: 2 | F46: <LOD | G46: <LOD | H46: 7.7344 | I46: <LOD | J46: 41502.078 | K46: 737.0958 | L46: 569.5978 | M46: 38.9056 | N46: <LOD | O46: 120.72 | P46: WRD shoreline depth XRF | Q46: X500456
A47: SBM-WRD-G09-B2 | B47: 46147 | C47: 517 | D47: 1.5 | E47: 1 | F47: <LOD | G47: 2.4995 | H47: 7.4499 | I47: <LOD | J47: 34825.895 | K47: 598.851 | L47: 929.8246 | M47: 50.1974 | N47: 25.2453 | O47: 125.85 | P47: WRD shoreline depth XRF | Q47: X500456
A48: SBM-WRD-G09-B2 | B48: 46147 | C48: 518 | D48: 1.5 | E48: 2 | F48: <LOD | G48: <LOD | H48: 8.6329 | I48: <LOD | J48: 35031.492 | K48: 578.1843 | L48: 1002.5132 | M48: 47.63 | N48: 16.2159 | O48: 120.89 | P48: WRD shoreline depth XRF | Q48: X500456
A49: SBM-WRD-G09-B2 | B49: 46147 | C49: 519 | D49: 2 | E49: 1 | F49: <LOD | G49: 1.3927 | H49: 8.5914 | I49: <LOD | J49: 40249.297 | K49: 692.0299 | L49: 818.6816 | M49: 43.3902 | N49: 11.6069 | O49: 126.3 | P49: WRD shoreline depth XRF | Q49: X500456
A50: SBM-WRD-G09-B2 | B50: 46147 | C50: 520 | D50: 2 | E50: 2 | F50: <LOD | G50: 1.287 | H50: 7.2052 | I50: <LOD | J50: 40319.367 | K50: 656.0352 | L50: 950.0366 | M50: 51.3808 | N50: 8.8973 | O50: 120.21 | P50: WRD shoreline depth XRF | Q50: X500456
A51: SBM-WRD-G09-B2 | B51: 46147 | C51: 521 | D51: 2.5 | E51: 1 | F51: <LOD | G51: <LOD | H51: 8.5061 | I51: <LOD | J51: 35535.891 | K51: 550.1736 | L51: 1066.8297 | M51: 44.6399 | N51: 10.5863 | O51: 126.08 | P51: WRD shoreline depth XRF | Q51: X500456
A52: SBM-WRD-G09-B2 | B52: 46147 | C52: 522 | D52: 2.5 | E52: 2 | F52: <LOD | G52: <LOD | H52: 7.848 | I52: <LOD | J52: 32327.269 | K52: 485.7095 | L52: 879.0427 | M52: 43.0518 | N52: 6.7304 | O52: 120.11 | P52: WRD shoreline depth XRF | Q52: X500456
A53: SBM-WRD-G09-B2 | B53: 46147 | C53: 523 | D53: 3 | E53: 1 | F53: <LOD | G53: 3.8596 | H53: 5.3525 | I53: <LOD | J53: 35399.875 | K53: 568.8458 | L53: 1473.7203 | M53: 42.1689 | N53: 8.5161 | O53: 126.22 | P53: WRD shoreline depth XRF | Q53: X500456
A54: SBM-WRD-G09-B2 | B54: 46147 | C54: 524 | D54: 3 | E54: 2 | F54: <LOD | G54: 3.3593 | H54: 5.736 | I54: <LOD | J54: 36573.602 | K54: 569.4684 | L54: 1447.5721 | M54: 39.082 | N54: 8.8386 | O54: 126.01 | P54: WRD shoreline depth XRF | Q54: X500456
A55: SBM-WRD-G09-B2 | B55: 46147 | C55: 525 | D55: 3.5 | E55: 1 | F55: <LOD | G55: 4.4856 | H55: 6.7655 | I55: <LOD | J55: 37091.262 | K55: 626.6089 | L55: 1950.0808 | M55: 45.1674 | N55: 14.9767 | O55: 120.54 | P55: WRD shoreline depth XRF | Q55: X500456
A56: SBM-WRD-G09-B2 | B56: 46147 | C56: 526 | D56: 3.5 | E56: 2 | F56: <LOD | G56: 4.4444 | H56: 8.6753 | I56: <LOD | J56: 37146.992 | K56: 641.1176 | L56: 1871.9899 | M56: 47.6741 | N56: 15.0947 | O56: 120.59 | P56: WRD shoreline depth XRF | Q56: X500456
A57: SBM-WRD-G09-B2 | B57: 46147 | C57: 527 | D57: 4 | E57: 1 | F57: <LOD | G57: <LOD | H57: 6.5342 | I57: <LOD | J57: 31411.352 | K57: 537.7458 | L57: 384.3171 | M57: 40.3409 | N57: 5.8289 | O57: 126.32 | P57: WRD shoreline depth XRF | Q57: X500456
A58: SBM-WRD-G09-B2 | B58: 46147 | C58: 528 | D58: 4 | E58: 2 | F58: <LOD | G58: <LOD | H58: 6.3112 | I58: <LOD | J58: 30458.156 | K58: 565.5605 | L58: 275.8896 | M58: 34.1184 | N58: <LOD | O58: 126.33 | P58: WRD shoreline depth XRF | Q58: X500456
A59: SBM-WRD-G01-B2 | B59: 46147 | C59: 529 | D59: 0 | E59: 1 | F59: 3.5209 | G59: <LOD | H59: 7.1602 | I59: <LOD | J59: 35636.164 | K59: 534.314 | L59: 4914.0825 | M59: 47.7088 | N59: 53.651 | O59: 120.66 | P59: WRD shoreline depth XRF | Q59: X500456
A60: SBM-WRD-G01-B2 | B60: 46147 | C60: 530 | D60: 0 | E60: 2 | F60: <LOD | G60: <LOD | H60: 4.9381 | I60: <LOD | J60: 34883.555 | K60: 491.023 | L60: 4399.8999 | M60: 46.6015 | N60: 35.4231 | O60: 120.06 | P60: WRD shoreline depth XRF | Q60: X500456
A61: SBM-WRD-G01-B2 | B61: 46147 | C61: 531 | D61: 0.5 | E61: 1 | F61: <LOD | G61: <LOD | H61: 7.971 | I61: <LOD | J61: 47807.527 | K61: 790.9892 | L61: 4828.167 | M61: 38.8187 | N61: 10.9897 | O61: 120.12 | P61: WRD shoreline depth XRF | Q61: X500456
A62: SBM-WRD-G01-B2 | B62: 46147 | C62: 532 | D62: 0.5 | E62: 2 | F62: 4.4755 | G62: <LOD | H62: 7.7669 | I62: <LOD | J62: 43371.77 | K62: 694.7771 | L62: 5539.0854 | M62: 40.8852 | N62: 11.7073 | O62: 120.38 | P62: WRD shoreline depth XRF | Q62: X500456
A63: SBM-WRD-G01-B2 | B63: 46147 | C63: 533 | D63: 1 | E63: 1 | F63: 5.9095 | G63: <LOD | H63: 7.1541 | I63: <LOD | J63: 50117.203 | K63: 912.5657 | L63: 5784.002 | M63: 40.1548 | N63: 8.9689 | O63: 120.53 | P63: WRD shoreline depth XRF | Q63: X500456
A64: SBM-WRD-G01-B2 | B64: 46147 | C64: 534 | D64: 1 | E64: 2 | F64: 6.6587 | G64: <LOD | H64: 9.4317 | I64: <LOD | J64: 46114.473 | K64: 894.8632 | L64: 5639.4941 | M64: 45.9265 | N64: 12.6413 | O64: 126.19 | P64: WRD shoreline depth XRF | Q64: X500456
A65: SBM-WRD-G01-B2 | B65: 46147 | C65: 535 | D65: 1.5 | E65: 1 | F65: 7.2498 | G65: <LOD | H65: 9.7977 | I65: <LOD | J65: 41562.852 | K65: 606.3974 | L65: 4795.0928 | M65: 43.0618 | N65: 11.148 | O65: 120.22 | P65: WRD shoreline depth XRF | Q65: X500456
A66: SBM-WRD-G01-B2 | B66: 46147 | C66: 536 | D66: 1.5 | E66: 2 | F66: 4.2256 | G66: <LOD | H66: 7.5318 | I66: <LOD | J66: 39037.93 | K66: 584.1364 | L66: 4851.6436 | M66: 48.9783 | N66: 15.8707 | O66: 120.71 | P66: WRD shoreline depth XRF | Q66: X500456
A67: SBM-WRD-G01-B2 | B67: 46147 | C67: 537 | D67: 2 | E67: 1 | F67: <LOD | G67: <LOD | H67: 8.0079 | I67: <LOD | J67: 39472.664 | K67: 657.4533 | L67: 3099.677 | M67: 45.5615 | N67: 12.2921 | O67: 120.62 | P67: WRD shoreline depth XRF | Q67: X500456
A68: SBM-WRD-G01-B2 | B68: 46147 | C68: 538 | D68: 2 | E68: 2 | F68: 3.035 | G68: <LOD | H68: 7.3174 | I68: <LOD | J68: 40772.785 | K68: 698.0508 | L68: 3083.261 | M68: 44.7064 | N68: 16.0342 | O68: 126.13 | P68: WRD shoreline depth XRF | Q68: X500456
A69: SBM-WRD-G01-B2 | B69: 46147 | C69: 539 | D69: 2.5 | E69: 1 | F69: <LOD | G69: <LOD | H69: 5.8676 | I69: <LOD | J69: 38507.453 | K69: 598.4119 | L69: 2949.3665 | M69: 41.6756 | N69: 4.2602 | O69: 120.46 | P69: WRD shoreline depth XRF | Q69: X500456
A70: SBM-WRD-G01-B2 | B70: 46147 | C70: 540 | D70: 2.5 | E70: 2 | F70: <LOD | G70: <LOD | H70: 5.3441 | I70: <LOD | J70: 38049.887 | K70: 589.6861 | L70: 2350.5442 | M70: 40.7727 | N70: <LOD | O70: 120.08 | P70: WRD shoreline depth XRF | Q70: X500456
A71: SBM-WRD-G01-B2 | B71: 46147 | C71: 541 | D71: 3 | E71: 1 | F71: <LOD | G71: <LOD | H71: 6.127 | I71: <LOD | J71: 43884.578 | K71: 881.3413 | L71: 2943.7017 | M71: 37.4118 | N71: 4.995 | O71: 126.06 | P71: WRD shoreline depth XRF | Q71: X500456
A72: SBM-WRD-G01-B2 | B72: 46147 | C72: 542 | D72: 3 | E72: 2 | F72: 2.5692 | G72: <LOD | H72: 6.0026 | I72: <LOD | J72: 41466.16 | K72: 726.4524 | L72: 2963.1528 | M72: 41.7936 | N72: 6.1693 | O72: 120.65 | P72: WRD shoreline depth XRF | Q72: X500456
A73: SBM-WRD-G01-B2 | B73: 46147 | C73: 543 | D73: 3.5 | E73: 1 | F73: 2.9455 | G73: <LOD | H73: 6.1348 | I73: <LOD | J73: 35939.684 | K73: 576.1965 | L73: 3429.7102 | M73: 34.3527 | N73: 4.6104 | O73: 125.83 | P73: WRD shoreline depth XRF | Q73: X500456
A74: SBM-WRD-G01-B2 | B74: 46147 | C74: 544 | D74: 3.5 | E74: 2 | F74: <LOD | G74: <LOD | H74: 5.5642 | I74: <LOD | J74: 35707.59 | K74: 557.0323 | L74: 3354.0396 | M74: 34.2309 | N74: 8.4606 | O74: 120.07 | P74: WRD shoreline depth XRF | Q74: X500456
A75: SBM-WRD-G01-B2 | B75: 46147 | C75: 545 | D75: 4 | E75: 1 | F75: 3.4578 | G75: <LOD | H75: 6.4336 | I75: <LOD | J75: 38688 | K75: 602.3944 | L75: 4666.5039 | M75: 32.8027 | N75: <LOD | O75: 125.96 | P75: WRD shoreline depth XRF | Q75: X500456
A76: SBM-WRD-G01-B2 | B76: 46147 | C76: 546 | D76: 4 | E76: 2 | F76: 7.9631 | G76: <LOD | H76: 5.2886 | I76: <LOD | J76: 44600.688 | K76: 657.0161 | L76: <LOD | M76: 35.7769 | N76: <LOD | O76: 90.51 | P76: WRD shoreline depth XRF | Q76: X500456
A77: SBM-WRD-G01-B2 | B77: 46147 | C77: 547 | D77: 4 | E77: 3 | F77: 3.576 | G77: <LOD | H77: 3.9165 | I77: <LOD | J77: 37125.379 | K77: 582.9301 | L77: 3531.4905 | M77: 39.0904 | N77: 7.926 | O77: 125.83 | P77: WRD shoreline depth XRF | Q77: X500456
A78: SBM-WRD-G05-B2 | B78: 46147 | C78: 1549 | D78: 0 | E78: 1 | F78: <LOD | G78: 11.7671 | H78: 5.1334 | I78: <LOD | J78: 29903.744 | K78: 422.0633 | L78: 1212.0845 | M78: 55.0027 | N78: 12.0317 | O78: 120.57 | P78: WRD shoreline depth XRF (primary 14 + shoreline) | Q78: X501203
A79: SBM-WRD-G05-B2 | B79: 46147 | C79: 1550 | D79: 0 | E79: 2 | F79: <LOD | G79: 14.0301 | H79: 5.2243 | I79: <LOD | J79: 28904.018 | K79: 420.3885 | L79: 1053.1842 | M79: 51.2597 | N79: 13.1289 | O79: 122.91 | P79: WRD shoreline depth XRF (primary 14 + shoreline) | Q79: X501203
A80: SBM-WRD-G05-B2 | B80: 46147 | C80: 1551 | D80: 0.5 | E80: 1 | F80: <LOD | G80: 1.9315 | H80: 9.3821 | I80: <LOD | J80: 38122.422 | K80: 609.1329 | L80: 652.02 | M80: 57.8405 | N80: 8.2062 | O80: 122.77 | P80: WRD shoreline depth XRF (primary 14 + shoreline) | Q80: X501203
A81: SBM-WRD-G05-B2 | B81: 46147 | C81: 1552 | D81: 0.5 | E81: 2 | F81: <LOD | G81: <LOD | H81: 6.8428 | I81: <LOD | J81: 46467.883 | K81: 1306.4705 | L81: 717.6606 | M81: 46.8801 | N81: 7.3217 | O81: 123.11 | P81: WRD shoreline depth XRF (primary 14 + shoreline) | Q81: X501203
A82: SBM-WRD-G05-B2 | B82: 46147 | C82: 1553 | D82: 1 | E82: 1 | F82: <LOD | G82: <LOD | H82: 6.2626 | I82: <LOD | J82: 35157.219 | K82: 558.5698 | L82: 487.2565 | M82: 42.2152 | N82: <LOD | O82: 122.98 | P82: WRD shoreline depth XRF (primary 14 + shoreline) | Q82: X501203
A83: SBM-WRD-G05-B2 | B83: 46147 | C83: 1554 | D83: 1 | E83: 2 | F83: <LOD | G83: <LOD | H83: 6.3253 | I83: <LOD | J83: 36376.785 | K83: 554.5569 | L83: 600.9311 | M83: 45.74 | N83: 10.2365 | O83: 123.17 | P83: WRD shoreline depth XRF (primary 14 + shoreline) | Q83: X501203
A84: SBM-WRD-G05-B2 | B84: 46147 | C84: 1555 | D84: 1.5 | E84: 1 | F84: <LOD | G84: <LOD | H84: 6.8385 | I84: <LOD | J84: 36537.301 | K84: 662.3674 | L84: 384.1075 | M84: 38.8944 | N84: 8.5069 | O84: 120.37 | P84: WRD shoreline depth XRF (primary 14 + shoreline) | Q84: X501203
A85: SBM-WRD-G05-B2 | B85: 46147 | C85: 1556 | D85: 1.5 | E85: 2 | F85: 4.799 | G85: <LOD | H85: 9.2445 | I85: <LOD | J85: 39084.785 | K85: 627.6278 | L85: 493.7651 | M85: 50.8328 | N85: 11.6624 | O85: 120.45 | P85: WRD shoreline depth XRF (primary 14 + shoreline) | Q85: X501203
A86: SBM-WRD-G05-B2 | B86: 46147 | C86: 1557 | D86: 2 | E86: 1 | F86: <LOD | G86: <LOD | H86: 4.68 | I86: <LOD | J86: 35231.262 | K86: 494.1419 | L86: 411.5953 | M86: 37.6456 | N86: <LOD | O86: 120.17 | P86: WRD shoreline depth XRF (primary 14 + shoreline) | Q86: X501203
A87: SBM-WRD-G05-B2 | B87: 46147 | C87: 1558 | D87: 2 | E87: 2 | F87: <LOD | G87: <LOD | H87: 5.7129 | I87: <LOD | J87: 46400.484 | K87: 1448.5924 | L87: 415.0538 | M87: 40.1392 | N87: 5.0593 | O87: 120.32 | P87: WRD shoreline depth XRF (primary 14 + shoreline) | Q87: X501203
A88: SBM-WRD-G05-B2 | B88: 46147 | C88: 1559 | D88: 2.5 | E88: 1 | F88: <LOD | G88: <LOD | H88: 4.3277 | I88: <LOD | J88: 41722.68 | K88: 823.7303 | L88: 583.1895 | M88: 33.7599 | N88: 6.7234 | O88: 122.98 | P88: WRD shoreline depth XRF (primary 14 + shoreline) | Q88: X501203
A89: SBM-WRD-G05-B2 | B89: 46147 | C89: 1560 | D89: 2.5 | E89: 2 | F89: <LOD | G89: <LOD | H89: 3.4164 | I89: <LOD | J89: 37417.195 | K89: 464.5364 | L89: 455.9494 | M89: 39.8302 | N89: 4.4352 | O89: 122.71 | P89: WRD shoreline depth XRF (primary 14 + shoreline) | Q89: X501203
A90: SBM-WRD-G05-B2 | B90: 46147 | C90: 1561 | D90: 3 | E90: 1 | F90: <LOD | G90: <LOD | H90: 5.3083 | I90: <LOD | J90: 35626.863 | K90: 427.1666 | L90: 482.986 | M90: 43.9084 | N90: 9.9766 | O90: 120.5 | P90: WRD shoreline depth XRF (primary 14 + shoreline) | Q90: X501203
A91: SBM-WRD-G05-B2 | B91: 46147 | C91: 1562 | D91: 3 | E91: 2 | F91: <LOD | G91: <LOD | H91: 4.7894 | I91: <LOD | J91: 38050.266 | K91: 536.6243 | L91: 399.3468 | M91: 43.2781 | N91: 10.2733 | O91: 120.32 | P91: WRD shoreline depth XRF (primary 14 + shoreline) | Q91: X501203
A92: SBM-WRD-G05-B2 | B92: 46147 | C92: 1563 | D92: 3.5 | E92: 1 | F92: <LOD | G92: <LOD | H92: 7.0044 | I92: <LOD | J92: 35185.309 | K92: 461.4883 | L92: 639.0178 | M92: 42.8335 | N92: 12.9802 | O92: 120.41 | P92: WRD shoreline depth XRF (primary 14 + shoreline) | Q92: X501203
A93: SBM-WRD-G05-B2 | B93: 46147 | C93: 1564 | D93: 3.5 | E93: 2 | F93: <LOD | G93: <LOD | H93: 6.2989 | I93: <LOD | J93: 35064.625 | K93: 446.8579 | L93: 525.4449 | M93: 36.7911 | N93: 6.1099 | O93: 123.1 | P93: WRD shoreline depth XRF (primary 14 + shoreline) | Q93: X501203
A94: SBM-WRD-G05-B2 | B94: 46147 | C94: 1565 | D94: 4 | E94: 1 | F94: <LOD | G94: <LOD | H94: 4.8725 | I94: <LOD | J94: 36061.934 | K94: 467.3296 | L94: 390.4489 | M94: 39.0316 | N94: 6.4776 | O94: 120.4 | P94: WRD shoreline depth XRF (primary 14 + shoreline) | Q94: X501203
A95: SBM-WRD-G05-B2 | B95: 46147 | C95: 1566 | D95: 4 | E95: 2 | F95: <LOD | G95: <LOD | H95: 5.531 | I95: <LOD | J95: 36076.965 | K95: 446.8583 | L95: 417.9719 | M95: 40.9426 | N95: 10.6612 | O95: 120.63 | P95: WRD shoreline depth XRF (primary 14 + shoreline) | Q95: X501203
A96: SBM-WRD-G1-HB-B1 | B96: 46149 | C96: 1636 | D96: 0 | E96: 1 | F96: <LOD | G96: <LOD | H96: 5.1332 | I96: <LOD | J96: 32681.332 | K96: 620.6232 | L96: 223.022 | M96: 46.559 | N96: 6.954 | O96: 120.54 | P96: WRD shoreline depth XRF | Q96: X501203
A97: SBM-WRD-G1-HB-B1 | B97: 46149 | C97: 1637 | D97: 0 | E97: 2 | F97: <LOD | G97: <LOD | H97: 6.3453 | I97: <LOD | J97: 34160.664 | K97: 502.7538 | L97: 593.526 | M97: 49.3784 | N97: 13.7896 | O97: 123.07 | P97: WRD shoreline depth XRF | Q97: X501203
A98: SBM-WRD-G1-HB-B1 | B98: 46149 | C98: 1638 | D98: 0.5 | E98: 1 | F98: <LOD | G98: <LOD | H98: 6.3003 | I98: <LOD | J98: 34247.363 | K98: 500.6562 | L98: <LOD | M98: 47.8296 | N98: 12.7464 | O98: 123.08 | P98: WRD shoreline depth XRF | Q98: X501203
A99: SBM-WRD-G1-HB-B1 | B99: 46149 | C99: 1639 | D99: 0.5 | E99: 2 | F99: <LOD | G99: <LOD | H99: 6.0986 | I99: <LOD | J99: 37542.105 | K99: 1044.8687 | L99: 102.7631 | M99: 47.779 | N99: 9.2591 | O99: 120.3 | P99: WRD shoreline depth XRF | Q99: X501203
A100: SBM-WRD-G1-HB-B1 | B100: 46149 | C100: 1640 | D100: 1 | E100: 1 | F100: <LOD | G100: <LOD | H100: 5.2044 | I100: <LOD | J100: 34663.023 | K100: 575.3183 | L100: 131.7743 | M100: 47.4581 | N100: 6.8129 | O100: 123.03 | P100: WRD shoreline depth XRF | Q100: X501203
...

Sheet Crushing Field Checklist
A1: SBMM OU1 — Crushing & Depth-XRF Field Checklist
A2: 22 boulders for crushing/depth-XRF per John B 5/2/2026. Grouped by area for field workflow. Tick boxes (mark X or initials) as steps complete.
A4: DRA — 3 boulders
A5: # | B5: Sample ID | C5: Type (H/F) | D5: Tier | E5: Subtype | F5: Easting | G5: Northing | H5: Hg max (ppm) | I5: As max (ppm) | J5: Sb max (ppm) | K5: Located ☐ | L5: Cut ☐ | M5: Photos ☐ | N5: Depth-XRF ☐ | O5: Powder ☐ | P5: Geo Scrutiny ☐ | Q5: Decon ☐ | R5: Date / Initials
A6: 8 | B6: SBM-DRA-G01-B1 | C6: H | D6: 1 | E6: 1a | F6: 528873.38 | G6: 4317373 | H6: <LOD | I6: 2 | J6: 63 | K6: ✓ | L6: ✓ 5/6 | O6: ✓ 5/8 | P6: Y | R6: 5/6/26 — ERRG
A7: 13 | B7: SBM-DRA-G10-B1 | C7: F | D7: 2 | E7: 3a | F7: 528836.36 | G7: 4317284.6 | H7: 698 | I7: 13 | J7: 4 | K7: ✓ | L7: ✓ 5/6 | O7: ✓ 5/8 | P7: N/A | R7: 5/6/26 — ERRG
A8: 2 | B8: SBM-DRA-G13-B2 | C8: F | D8: 1 | E8: 4d | F8: 529326.5 | G8: 4317375.8 | H8: 373 | I8: 555 | J8: 632 | K8: ✓ | L8: ✓ 5/5 | O8: ✓ 5/6 | P8: Y
A9: Field Notes:
A11: NWP — 4 boulders
A12: # | B12: Sample ID | C12: Type (H/F) | D12: Tier | E12: Subtype | F12: Easting | G12: Northing | H12: Hg max (ppm) | I12: As max (ppm) | J12: Sb max (ppm) | K12: Located ☐ | L12: Cut ☐ | M12: Photos ☐ | N12: Depth-XRF ☐ | O12: Powder ☐ | P12: Geo Scrutiny ☐ | Q12: Decon ☐ | R12: Date / Initials
A13: Alt 2 | B13: SBM-NWP-G05-B2 | C13: F | D13: 3 | E13: 5a | F13: 528801.2 | G13: 4317528.5 | H13: 91 | I13: <LOD | J13: <LOD | P13: N/A
A14: 10 | B14: SBM-NWP-G08-B1 | C14: H | D14: 2 | E14: 4e | F14: 528750.6 | G14: 4317485.8 | H14: 114 | I14: 2 | J14: 4 | K14: ✓ | L14: ✓ 5/5 | O14: ✓ 5/7 | P14: Y
A15: 15 | B15: SBM-NWP-G12-B1 | C15: H | D15: 2 | E15: 3a | F15: 528821.2 | G15: 4317475.5 | H15: 768 | I15: 11 | J15: 7 | K15: ✓ | L15: ✓ 5/7 | O15: ✓ 5/7 | P15: N/A | R15: Added to primary 14 (#15) per John B 5/5; crushed 5/7 by ERRG. Replaces WWRP-G15.
A16: 12 | B16: SBM-NWP-G13-B1 | C16: H | D16: 2 | E16: 6 | F16: 528783.2 | G16: 4317450.5 | H16: <LOD | I16: 28 | J16: 94 | K16: ✓ | L16: ✓ 5/4 | N16: ✓ 5/4 (trial) | O16: ✓ 5/7 | P16: Y | R16: 5/4/26 — MG
A17: 4 | B17: SBM-NWP-G14-B1 | C17: H | D17: 1 | E17: 3a | F17: 528827.3 | G17: 4317461.8 | H17: 2291 | I17: 11 | J17: <LOD | K17: ✓ | L17: ✓ 5/5 | O17: ✓ 5/7 | P17: Y
A18: Field Notes:
A20: NWRP — 4 boulders
A21: # | B21: Sample ID | C21: Type (H/F) | D21: Tier | E21: Subtype | F21: Easting | G21: Northing | H21: Hg max (ppm) | I21: As max (ppm) | J21: Sb max (ppm) | K21: Located ☐ | L21: Cut ☐ | M21: Photos ☐ | N21: Depth-XRF ☐ | O21: Powder ☐ | P21: Geo Scrutiny ☐ | Q21: Decon ☐ | R21: Date / Initials
A22: 17 | B22: SBM-NWRP-G05-B1 | C22: F | D22: 2 | E22: 3a-arg | F22: 529098 | G22: 4317613 | H22: 4 | I22: <LOD | J22: <LOD | P22: N/A
A23: 19 | B23: SBM-NWRP-G07-B1 | C23: H | D23: 2 | E23: 3a | F23: 529096.8 | G23: 4317578.8 | H23: 275 | I23: 17 | J23: 4 | P23: N/A
A24: 21 | B24: SBM-NWRP-G09-B1 | C24: F | D24: 3 | E24: 2a | F24: 529352.4 | G24: 4317567 | H24: <5 | I24: <5 | J24: <LOD | P24: N/A
A25: 11 | B25: SBM-NWRP-G12-B2 | C25: F | D25: 2 | E25: 4c | F25: 529349.5 | G25: 4317500.3 | H25: 17 | I25: 134 | J25: 144 | K25: ✓ | L25: ✓ 5/5 | O25: ✓ 5/6 | P25: Y
A26: Field Notes:
A28: NWWRP — 1 boulder
A29: # | B29: Sample ID | C29: Type (H/F) | D29: Tier | E29: Subtype | F29: Easting | G29: Northing | H29: Hg max (ppm) | I29: As max (ppm) | J29: Sb max (ppm) | K29: Located ☐ | L29: Cut ☐ | M29: Photos ☐ | N29: Depth-XRF ☐ | O29: Powder ☐ | P29: Geo Scrutiny ☐ | Q29: Decon ☐ | R29: Date / Initials
A30: 9 | B30: SBM-NWWRP-G07-B1 | C30: H | D30: 1 | E30: 1b | F30: 528847.7 | G30: 4317734.2 | H30: 13 | I30: 85 | J30: 85 | K30: ✓ | L30: ✓ 5/5 | O30: ✓ 5/7 | P30: Y
A31: Field Notes:
A33: SWRP — 2 boulders
A34: # | B34: Sample ID | C34: Type (H/F) | D34: Tier | E34: Subtype | F34: Easting | G34: Northing | H34: Hg max (ppm) | I34: As max (ppm) | J34: Sb max (ppm) | K34: Located ☐ | L34: Cut ☐ | M34: Photos ☐ | N34: Depth-XRF ☐ | O34: Powder ☐ | P34: Geo Scrutiny ☐ | Q34: Decon ☐ | R34: Date / Initials
A35: Alt 1 | B35: SBM-SWRP-G02-B1 | C35: F | D35: 3 | E35: 2b | F35: 529379.4 | G35: 4317201 | H35: 5 | I35: 63 | J35: 4 | P35: N/A | R35: Moved to Alt 1 per John B 5/5
A36: 14 | B36: SBM-SWRP-G08-B2 | C36: F | D36: 2 | E36: 4b | F36: 529279.3 | G36: 4317105.5 | H36: 529 | I36: 11 | J36: 8 | K36: ✓ | L36: ✓ 5/5 | O36: ✓ 5/8 | P36: N/A
A37: Field Notes:
A39: WRD — 4 boulders
A40: # | B40: Sample ID | C40: Type (H/F) | D40: Tier | E40: Subtype | F40: Easting | G40: Northing | H40: Hg max (ppm) | I40: As max (ppm) | J40: Sb max (ppm) | K40: Located ☐ | L40: Cut ☐ | M40: Photos ☐ | N40: Depth-XRF ☐ | O40: Powder ☐ | P40: Geo Scrutiny ☐ | Q40: Decon ☐ | R40: Date / Initials
A41: 20 | B41: SBM-WRD-G01-B2 | C41: F | D41: 3 | E41: 1a | F41: 528472.12 | G41: 4317421 | H41: <LOD | I41: 285 | J41: 39 | K41: ✓ | L41: ✓ 5/5 | N41: ✓ 5/5 (extra) | P41: Y | R41: 5/5/26 — AL/MG
A42: 3 | B42: SBM-WRD-G05-B2 | C42: F | D42: 1 | E42: 4d | F42: 528512.38 | G42: 4317307.5 | H42: 166 | I42: 207 | J42: 396 | K42: ✓ | L42: ✓ 5/5 | N42: ✓ 5/5 (shoreline) | O42: ✓ 5/6 | P42: Y | R42: 5/5/26 — AL
A43: 16 | B43: SBM-WRD-G09-B2 | C43: F | D43: 2 | E43: 4c | F43: 528519.12 | G43: 4317165.5 | H43: 6 | I43: 23 | J43: 111 | K43: ✓ | L43: ✓ 5/5 | N43: ✓ 5/5 (extra) | P43: N/A | R43: 5/5/26 — AL/MG
A44: 6 | B44: SBM-WRD-G14-B1 | C44: H | D44: 1 | E44: 3c | F44: 528727.94 | G44: 4317208.5 | H44: 335 | I44: 50 | J44: 285 | K44: ✓ | L44: ✓ 5/5 | N44: ✓ 5/5 (HI side) | O44: ✓ 5/6 | P44: Y | R44: 5/5/26 — AL/MG
A45: Field Notes:
A47: WWRP — 4 boulders
A48: # | B48: Sample ID | C48: Type (H/F) | D48: Tier | E48: Subtype | F48: Easting | G48: Northing | H48: Hg max (ppm) | I48: As max (ppm) | J48: Sb max (ppm) | K48: Located ☐ | L48: Cut ☐ | M48: Photos ☐ | N48: Depth-XRF ☐ | O48: Powder ☐ | P48: Geo Scrutiny ☐ | Q48: Decon ☐ | R48: Date / Initials
A49: 1 | B49: SBM-WWRP-G02-B2 | C49: F | D49: 1 | E49: 4 | F49: 528626.6 | G49: 4317040 | H49: 23796 | I49: 15 | J49: <LOD | K49: ✓ | L49: ✓ 5/5 | O49: ✓ 5/6 | P49: Y
A50: 18 | B50: SBM-WWRP-G03-B1 | C50: H | D50: 2 | E50: 3a | F50: 528721.6 | G50: 4317042 | H50: 224 | I50: 128 | J50: 47 | P50: N/A
A51: 5 | B51: SBM-WWRP-G07-B1 | C51: H | D51: 1 | E51: 2b | F51: 528719.4 | G51: 4316997.5 | H51: 43 | I51: 629 | J51: 52 | K51: ✓ | L51: ✓ 5/5 | O51: ✓ 5/6 | P51: Y
A52: 7 | B52: SBM-WWRP-G15-B2 | C52: F | D52: 1 | E52: 5b | F52: 528692.44 | G52: 4316848.5 | H52: 252 | I52: 4 | J52: 466 | O52: DROPPED | P52: Y | R52: DROPPED 5/7 — off shoreline scope, no crushing/powder
A53: Field Notes:

Sheet Powder XRF Detail
A1: Powder Sample XRF Detail — per-reading log
A2: Each row = one XRF reading on a homogenized powder sub-sample. Mining mode required for high-Hg/As/Sb boulders.
A3: Sample Identification | D3: Reading Info | K3: Concentrations (ppm) | N3: Notes
A4: Date | B4: Sample ID | C4: Parent Boulder | D4: XRF Rdg # | E4: Shot # | F4: Time | G4: Mode | H4: Duration (s) | I4: Fe (%) | J4: XRF S/N | K4: Hg (ppm) | L4: As (ppm) | M4: Sb (ppm) | N4: Notes
A5: 46148 | B5: SBM-WRD-G05-FB | C5: SBM-WRD-G05-FB-B2 | D5: 568 | E5: 1 | F5: 0.53804398 | G5: Mining | H5: 120.24 | I5: 2.91 | J5: X501203 | K5: 4.49 | L5: 15.65 | M5: 67.15 | N5: Shot 1 — homogenized powder
D6: 569 | E6: 2 | F6: 0.53980324 | G6: Mining | H6: 126.36 | I6: 2.93 | J6: X501203 | K6: <LOD | L6: 15.95 | M6: 28.05 | N6: Shot 2 — repeat for verification
A7: 46150 | B7: SBM-WWRP-G07-HB | C7: SBM-WWRP-G07-HB-B1 | D7: 756 | E7: 1 | F7: 0.62815972 | G7: Mining | H7: 120.86 | I7: 4.2 | J7: X500456 | K7: <LOD | L7: 3.93 | M7: <LOD | N7: Shot 1 — homogenized powder
D8: 757 | E8: 2 | F8: 0.63032407 | G8: Mining | H8: 126.01 | I8: 4.1 | J8: X500456 | K8: <LOD | L8: 3.38 | M8: <LOD | N8: Shot 2 — repeat for verification
A9: 46150 | B9: SBM-NWRP-G12-HB | C9: SBM-NWRP-G12-HB-B1 | D9: 758 | E9: 1 | F9: 0.63237269 | G9: Mining | H9: 126.09 | I9: 2.82 | J9: X500456 | K9: 15.87 | L9: 112.43 | M9: 24.12 | N9: Shot 1 — homogenized powder
D10: 759 | E10: 2 | F10: 0.63407407 | G10: Mining | H10: 120.62 | I10: 2.77 | J10: X500456 | K10: 15.31 | L10: 110.24 | M10: 28.84 | N10: Shot 2 — repeat for verification
A11: 46150 | B11: SBM-DRA-G13-FB | C11: SBM-DRA-G13-FB-B1 | D11: 760 | E11: 1 | F11: 0.63622685 | G11: Mining | H11: 125.87 | I11: 3.71 | J11: X500456 | K11: 5.82 | L11: 23.57 | M11: 5.43 | N11: Shot 1 — homogenized powder
D12: 761 | E12: 2 | F12: 0.63790509 | G12: Mining | H12: 126.14 | I12: 3.76 | J12: X500456 | K12: 6.15 | L12: 23.77 | M12: <LOD | N12: Shot 2 — repeat for verification
A13: 46150 | B13: SBM-WWRP-G02-FB | C13: SBM-WWRP-G02-FB-B1 | D13: 762 | E13: 1 | F13: 0.64043981 | G13: Mining | H13: 120.9 | I13: 4.83 | J13: X500456 | K13: 266.08 | L13: 17.44 | M13: <LOD | N13: Shot 1 — homogenized powder
D14: 763 | E14: 2 | F14: 0.64211806 | G14: Mining | H14: 126.46 | I14: 4.84 | J14: X500456 | K14: 269.4 | L14: 15.06 | M14: <LOD | N14: Shot 2 — repeat for verification
A15: 46150 | B15: SBM-WRD-G14-HB | C15: SBM-WRD-G14-HB-B1 | D15: 764 | E15: 1 | F15: 0.64444444 | G15: Mining | H15: 125.92 | I15: 3.39 | J15: X500456 | K15: 5.08 | L15: 21.9 | M15: 16.31 | N15: Shot 1 — homogenized powder
D16: 765 | E16: 2 | F16: 0.64619213 | G16: Mining | H16: 126.18 | I16: 3.31 | J16: X500456 | K16: 3.42 | L16: 21.37 | M16: 12.12 | N16: Shot 2 — repeat for verification
A17: 46150 | B17: SBM-WRD-G05-FB | C17: SBM-WRD-G05-FB-B2 | D17: 766 | E17: 1 | F17: 0.64866898 | G17: Mining | H17: 126.09 | I17: 3.87 | J17: X500456 | K17: 4.76 | L17: 9.94 | M17: 5.78 | N17: Shot 1 — homogenized powder
D18: 767 | E18: 2 | F18: 0.65041667 | G18: Mining | H18: 125.96 | I18: 3.76 | J18: X500456 | K18: 5.4 | L18: 10.45 | M18: <LOD | N18: Shot 2 — repeat for verification
A19: 46150 | B19: SBM-NWP-G14-HB | C19: SBM-NWP-G14-HB-B1 | D19: 768 | E19: 1 | F19: 0.65273148 | G19: Mining | H19: 126.18 | I19: 2 | J19: X500456 | K19: 36.7 | L19: <LOD | M19: <LOD | N19: Shot 1 — homogenized powder
D20: 769 | E20: 2 | F20: 0.65451389 | G20: Mining | H20: 126.1 | I20: 1.99 | J20: X500456 | K20: 35.75 | L20: <LOD | M20: <LOD | N20: Shot 2 — repeat for verification
A21: 46150 | B21: SBM-NWP-G12-HB | C21: SBM-NWP-G12-HB-B1 | D21: 770 | E21: 1 | F21: 0.65701389 | G21: Mining | H21: 126.23 | I21: 2.62 | J21: X500456 | K21: 9.99 | L21: <LOD | M21: <LOD | N21: Shot 1 — homogenized powder
D22: 771 | E22: 2 | F22: 0.65868056 | G22: Mining | H22: 120.59 | I22: 2.64 | J22: X500456 | K22: 12.38 | L22: <LOD | M22: <LOD | N22: Shot 2 — repeat for verification
A23: 46150 | B23: SBM-NWWRP-G07-HB | C23: SBM-NWWRP-G07-HB-B1 | D23: 772 | E23: 1 | F23: 0.66141204 | G23: Mining | H23: 120 | I23: 3.57 | J23: X500456 | K23: 5.05 | L23: <LOD | M23: <LOD | N23: Shot 1 — homogenized powder
D24: 773 | E24: 2 | F24: 0.66310185 | G24: Mining | H24: 126.21 | I24: 3.55 | J24: X500456 | K24: 5.75 | L24: <LOD | M24: <LOD | N24: Shot 2 — repeat for verification
A25: 46150 | B25: SBM-NWP-G08-HB | C25: SBM-NWP-G08-HB-B1 | D25: 774 | E25: 1 | F25: 0.66548611 | G25: Mining | H25: 120.83 | I25: 4.33 | J25: X500456 | K25: 14.56 | L25: <LOD | M25: <LOD | N25: Shot 1 — homogenized powder
D26: 775 | E26: 2 | F26: 0.6671412 | G26: Mining | H26: 120.45 | I26: 4.31 | J26: X500456 | K26: 18.73 | L26: <LOD | M26: <LOD | N26: Shot 2 — repeat for verification
A27: 46150 | B27: SBM-NWP-G13-HB | C27: SBM-NWP-G13-HB-B1 | D27: 776 | E27: 1 | F27: 0.66957176 | G27: Mining | H27: 120.2 | I27: 3.48 | J27: X500456 | K27: 3.14 | L27: <LOD | M27: <LOD | N27: Shot 1 — homogenized powder
D28: 777 | E28: 2 | F28: 0.67153935 | G28: Mining | H28: 125.99 | I28: 3.42 | J28: X500456 | K28: <LOD | L28: <LOD | M28: <LOD | N28: Shot 2 — repeat for verification
A29: 46150 | B29: SBM-SWRP-G08-FB | C29: SBM-SWRP-G08-FB-B1 | D29: 778 | E29: 1 | F29: 0.67403935 | G29: Mining | H29: 126.09 | I29: 2.04 | J29: X500456 | K29: 71.6 | L29: 2.32 | M29: <LOD | N29: Shot 1 — homogenized powder
D30: 779 | E30: 2 | F30: 0.6756713 | G30: Mining | H30: 126.36 | I30: 2.02 | J30: X500456 | K30: 73.47 | L30: 2.35 | M30: <LOD | N30: Shot 2 — repeat for verification
A31: 46150 | B31: SBM-DRA-G01-HB | C31: SBM-DRA-G01-HB-B1 | D31: 780 | E31: 1 | F31: 0.67789352 | G31: Mining | H31: 126.23 | I31: 0.31 | J31: X500456 | K31: 29.92 | L31: <LOD | M31: <LOD | N31: Shot 1 — homogenized powder
D32: 781 | E32: 2 | F32: 0.68030093 | G32: Mining | H32: 120.51 | I32: 0.26 | J32: X500456 | K32: 28.75 | L32: <LOD | M32: <LOD | N32: Shot 2 — repeat for verification
A33: 46150 | B33: SBM-DRA-G10-FB | C33: SBM-DRA-G10-FB-B1 | D33: 782 | E33: 1 | F33: 0.68253472 | G33: Mining | H33: 120.15 | I33: 2.27 | J33: X500456 | K33: <LOD | L33: 3.4 | M33: <LOD | N33: Shot 1 — homogenized powder
D34: 783 | E34: 2 | F34: 0.68415509 | G34: Mining | H34: 120.66 | I34: 2.27 | J34: X500456 | K34: 3.04 | L34: 2.22 | M34: <LOD | N34: Shot 2 — repeat for verification

Sheet Powder Boulder Checklist
A1: Powder Sample Collection Checklist — Primary 14 Boulders
A2: Field reference: track which crushed boulders had powder collected, and which QC sub-samples were taken (FD/MS/MSD).
A3: Boulder | F3: Crushed? | G3: Powder Collection (5/6 = today)
A4: # | B4: Sample ID | C4: Type (H/F) | D4: Tier | E4: Subtype | F4: Crushed (Y/N) | G4: Parent Collected | H4: FD Collected | I4: MS Collected | J4: MSD Collected | K4: Date / Initials
A5: 1 | B5: SBM-WWRP-G02-FB-B2 | C5: F | D5: 1 | E5: 4 | F5: Y | G5: ✓ 5/6 | I5: ✓ 5/6 | J5: ✓ 5/6 | K5: 5/6/26 — A. Lineberger
A6: 2 | B6: SBM-DRA-G13-FB-B2 | C6: F | D6: 1 | E6: 4d | F6: Y | G6: ✓ 5/6 | H6: ✓ 5/6 | K6: 5/6/26 — A. Lineberger
A7: 3 | B7: SBM-WRD-G05-FB-B2 | C7: F | D7: 1 | E7: 4d | F7: Y | G7: ✓ 5/6 | H7: ✓ 5/6 | K7: 5/6/26 — A. Lineberger
A8: 4 | B8: SBM-NWP-G14-HB-B1 | C8: H | D8: 1 | E8: 3a | F8: Y | G8: ✓ 5/7 | H8: ✓ 5/7 | K8: 5/7/26 — Mo/Tyler
A9: 5 | B9: SBM-WWRP-G07-HB-B1 | C9: H | D9: 1 | E9: 2b | F9: Y | G9: ✓ 5/6 | H9: ✓ 5/6 | K9: 5/6/26 — A. Lineberger
A10: 6 | B10: SBM-WRD-G14-HB-B1 | C10: H | D10: 1 | E10: 3c | F10: Y | G10: ✓ 5/6 | I10: ✓ 5/6 | J10: ✓ 5/6 | K10: 5/6/26 — A. Lineberger
A11: 7 | B11: SBM-WWRP-G15-FB-B2 | C11: F | D11: 1 | E11: 5b | F11: OUT | K11: DROPPED 5/7 — toe of west ore pile, off shoreline scope
A12: 8 | B12: SBM-DRA-G01-HB-B1 | C12: H | D12: 1 | E12: 1a | F12: Y | G12: ✓ 5/8 | H12: ✓ 5/8 | K12: 5/8/26 — Me (Mo)
A13: 9 | B13: SBM-NWWRP-G07-HB-B1 | C13: H | D13: 1 | E13: 1b | F13: Y | G13: ✓ 5/7 | H13: ✓ 5/7 | I13: ✓ 5/7 | J13: ✓ 5/7 | K13: 5/7/26 — Mo/Tyler
A14: 10 | B14: SBM-NWP-G08-HB-B1 | C14: H | D14: 2 | E14: 4e | F14: Y | G14: ✓ 5/7 | H14: ✓ 5/7 | K14: 5/7/26 — Mo/Tyler
A15: 11 | B15: SBM-NWRP-G12-FB-B2 | C15: F | D15: 2 | E15: 4c | F15: Y | G15: ✓ 5/6 | H15: ✓ 5/6 | K15: 5/6/26 — A. Lineberger
A16: 12 | B16: SBM-NWP-G13-HB-B1 | C16: H | D16: 2 | E16: 6 | F16: Y | G16: ✓ 5/7 | H16: ✓ 5/7 | I16: ✓ 5/7 | J16: ✓ 5/7 | K16: 5/7/26 — Mo/Tyler
A17: 13 | B17: SBM-DRA-G10-FB-B1 | C17: F | D17: 2 | E17: 3a | F17: Y | G17: ✓ 5/8 | H17: ✓ 5/8 | I17: ✓ 5/8 | J17: ✓ 5/8 | K17: 5/8/26 — Me (Mo)
A18: 14 | B18: SBM-SWRP-G08-FB-B2 | C18: F | D18: 2 | E18: 4b | F18: Y | G18: ✓ 5/8 | H18: ✓ 5/8 | K18: 5/8/26 — Me (Mo)
A19: 15 | B19: SBM-NWP-G12-HB-B1 | C19: H | D19: 2 | E19: 3a | F19: Y | G19: ✓ 5/7 | H19: ✓ 5/7 | K19: 5/7/26 — Mo/Tyler
A20: Field Notes:
A22: Powder Sample Counts vs Lab Targets (per Adam 5/6/2026)
A23: Sample Type | B23: Target (Adam) | C23: Sent to Lab (prior to 5/6) | D23: Collected Since 5/6 | E23: Remaining to Collect | G23: Notes
A24: Parent Samples | B24: 21 | C24: 7 | D24: 14 | E24: =B24-C24-D24 -> 0 | G24: 5/6: 6 (WWRP-G02,DRA-G13,WRD-G05,WWRP-G07,WRD-G14,NWRP-G12). 5/7: 5 (NWP-G14,NWWRP-G07,NWP-G08,NWP-G13,NWP-G12). 5/8: 3 (DRA-G01,DRA-G10,SWRP-G08). All 14 primary collected.
A25: Field Duplicates (FD) | B25: 10 | C25: 1 | D25: 9 | E25: =B25-C25-D25 -> 0 | G25: Tier 1: DRA-G13, WRD-G05, NWP-G14, WWRP-G07, DRA-G01, NWWRP-G07 (6). Tier 2: NWRP-G12, SWRP-G08, NWP-G12 (3). Total 9.
A26: MS/MSD Pairs | B26: 7 | C26: 1 | D26: 5 | E26: =B26-C26-D26 -> 1 | G26: 4 new since 5/6: WWRP-G02 (5/6), WRD-G14 (5/6), NWP-G13 (5/7), DRA-G10 (5/8) + 1 prior SWRP-G15-HB = 5 total collected. 2 more pairs to reach target.
